blk_key,gps_lon,gps_lat,timestamp
9848769553,158.694108,65.86921,20200804_132818
F3718E8F31,158.70332,65.874825,20200804_132909
9AC8C9DEFF,158.706543,65.866976,20200804_132941
C4C65C1D85,158.719238,65.876575,20200804_132949
F9309E34D3,158.696663,65.869775,20200804_133030
25B9C6CCA4,158.705501,65.864937,20200804_133036
36D561D09E,158.70944,65.867204,20200804_133045
F825580637,158.718831,65.875509,20200804_133137
F78ED89CCF,158.701839,65.872554,20200804_133204
16D9353696,158.697445,65.871818,20200804_133250
DA844D1803,158.69598,65.870011,20200804_133305
36D561D09E,158.70944,65.867204,20200804_133348
29C35B1F4B,158.720817,65.87904,20200804_133404
8AF9EFCC7D,158.712093,65.869413,20200804_133438
A844E6103C,158.713623,65.872164,20200804_133439
36D561D09E,158.70944,65.867204,20200804_133440
2C1EDEDACA,158.705371,65.864901,20200804_133510
1C6463A45D,158.709098,65.869694,20200804_133527
7544BA45B5,158.697087,65.875684,20200804_133538
23D069C7A3,158.709375,65.863676,20200804_133553
7842CE10B5,158.697266,65.874972,20200804_133609
9A258A3200,158.719857,65.880164,20200804_133702
889D775ACC,158.695182,65.874923,20200804_133703
590885FFED,158.708268,65.867306,20200804_133724
A470CD9BA4,158.706494,65.876249,20200804_133746
08B40E9C2A,158.703385,65.874044,20200804_133923
FD896E5F0C,158.705338,65.876217,20200804_133927
36D561D09E,158.70944,65.867204,20200804_133934
69E12608A7,158.694271,65.872933,20200804_134142
36D561D09E,158.70944,65.867204,20200804_134218
BDF90762CE,158.694336,65.86899,20200804_134224
7BC92557BF,158.70612,65.875797,20200804_134259
850A51C41D,158.708935,65.862997,20200804_134259
AB3F2E9898,158.705859,65.876559,20200804_134420
791F675DCE,158.707308,65.866809,20200804_134441
36D561D09E,158.70944,65.867204,20200804_134515
4A6DF687E7,158.724626,65.884464,20200804_134527
EC375C46AE,158.709912,65.8637,20200804_134554
D76A4C44C4,158.718376,65.873767,20200804_134555
3027464C80,158.708008,65.867472,20200804_134606
75D00A882C,158.708024,65.86346,20200804_134658
3E3FF6E1AF,158.705501,65.876542,20200804_134728
33492B2F94,158.692985,65.870894,20200804_134926
51A00423A8,158.719857,65.880229,20200804_135000
36D561D09E,158.70944,65.867204,20200804_135029
AFD337B492,158.7118,65.869893,20200804_135034
C10BA2D2BC,158.69331,65.869401,20200804_135107
4FE9DA827F,158.695687,65.869889,20200804_135123
3265535978,158.712093,65.868091,20200804_135144
26151D63D3,158.693034,65.869812,20200804_135237
515B12FD46,158.704834,65.875232,20200804_135247
49A1FE3E01,158.695508,65.869307,20200804_135252
96CF37865F,158.719352,65.875728,20200804_135255
36D561D09E,158.70944,65.867204,20200804_135307
3787986541,158.708561,65.867908,20200804_135346
B8BC173D08,158.694694,65.872318,20200804_135347
5DB7C70C02,158.720036,65.880436,20200804_135404
A5E92D0F95,158.707731,65.863733,20200804_135410
6A84851CCF,158.696582,65.877494,20200804_135442
B4F7ACA042,158.69432,65.872249,20200804_135443
5445691862,158.708903,65.863387,20200804_135549
36D561D09E,158.70944,65.867204,20200804_135553
AFF988EAF1,158.697575,65.870976,20200804_135555
5CA8CC377F,158.707259,65.876566,20200804_135623
E7A4B795EB,158.69611,65.871574,20200804_135632
3FAF4D3D18,158.722087,65.884843,20200804_135712
F59D989BA3,158.717253,65.872864,20200804_135717
67073B0B23,158.702279,65.872611,20200804_135745
8F1A82D350,158.706201,65.876436,20200804_135819
36D561D09E,158.70944,65.867204,20200804_135834
EA80A54874,158.70874,65.867505,20200804_135854
C2437B742D,158.705045,65.875289,20200804_135903
147914D9E1,158.705941,65.873926,20200804_135905
5FE301A05D,158.717562,65.879765,20200804_135915
5AB50A3D05,158.694189,65.873075,20200804_135917
0EA2E922A4,158.709489,65.868884,20200804_135921
2C88DC81B7,158.709635,65.867867,20200804_135955
ED71EB9DCF,158.709521,65.863171,20200804_135957
1559AD807B,158.695638,65.875317,20200804_140003
24CFFA7CAE,158.696615,65.875728,20200804_140010
10EC08652B,158.696045,65.871334,20200804_140101
5A7EF86ACC,158.696208,65.871712,20200804_140103
36D561D09E,158.70944,65.867204,20200804_140111
6A22EEDF1F,158.697331,65.870699,20200804_140114
7456FBEF2B,158.703206,65.876961,20200804_140131
8B23BBA258,158.706966,65.869006,20200804_140202
56028BDA19,158.721126,65.879838,20200804_140209
FC14581805,158.7097,65.86768,20200804_140226
384E01425C,158.717969,65.874101,20200804_140311
36D561D09E,158.70944,65.867204,20200804_140351
A527BC4548,158.701383,65.875643,20200804_140445
A18AE323F7,158.706543,65.87513,20200804_140449
0D0EA6BD28,158.708073,65.866862,20200804_140505
30788649D0,158.708496,65.868738,20200804_140515
2D6058B4B8,158.697819,65.870402,20200804_140523
658DD2C6A6,158.708089,65.863851,20200804_140528
36D561D09E,158.70944,65.867204,20200804_140635
0D19B9F4E9,158.708333,65.869015,20200804_140724
7AD6429EB3,158.709831,65.867257,20200804_140724
684E7BE2BA,158.705518,65.874959,20200804_140753
6560D1A805,158.701497,65.874711,20200804_140756
6EFFE67198,158.69751,65.875118,20200804_140800
FEC1D94492,158.718115,65.873185,20200804_140833
298E751320,158.72054,65.879895,20200804_140840
DB175188B0,158.720361,65.879899,20200804_140848
36D561D09E,158.70944,65.867204,20200804_140918
A2FB1B94F9,158.722542,65.882092,20200804_140921
EABE4D3578,158.697103,65.869926,20200804_140946
5472CFAB59,158.71027,65.863591,20200804_141038
46D4DCA627,158.69751,65.874471,20200804_141044
B898854357,158.707585,65.868551,20200804_141046
2C22EAAA9A,158.719173,65.87559,20200804_141054
8279CD2AB8,158.717611,65.875216,20200804_141128
016E65515E,158.708757,65.868266,20200804_141130
F52D3FCF2C,158.693229,65.87113,20200804_141155
3A50DE2627,158.692904,65.869881,20200804_141158
36D561D09E,158.70944,65.867204,20200804_141201
02383DF0CA,158.71849,65.879525,20200804_141309
AE49BEF65C,158.721745,65.881531,20200804_141325
A486AED867,158.69445,65.874133,20200804_141408
93D20BEA67,158.710612,65.868404,20200804_141440
36D561D09E,158.70944,65.867204,20200804_141443
3B2B936686,158.697721,65.869434,20200804_141445
61FDECAA85,158.707747,65.862948,20200804_141509
8F08969A54,158.704476,65.871863,20200804_141525
A239E16F7C,158.710791,65.868652,20200804_141621
77C9746FA4,158.69668,65.869173,20200804_141631
2B41D4C9D4,158.696045,65.871541,20200804_141650
A45EC205B3,158.716764,65.874524,20200804_141706
5DB1AFF0D5,158.705941,65.876148,20200804_141713
36D561D09E,158.70944,65.867204,20200804_141726
484955E507,158.696484,65.869568,20200804_141734
7E7FC2FD85,158.701058,65.872258,20200804_141937
E8B9D5986D,158.706852,65.87019,20200804_142000
36D561D09E,158.70944,65.867204,20200804_142008
F947533AC0,158.707861,65.86639,20200804_142018
41D4792A20,158.700016,65.868192,20200804_142117
3BBEEA97A4,158.69751,65.869177,20200804_142223
667A48D387,158.719141,65.878971,20200804_142225
0A58BD6198,158.705794,65.875435,20200804_142229
36D561D09E,158.70944,65.867204,20200804_142248
BA72595000,158.695898,65.870011,20200804_142307
D849FFAED0,158.706071,65.875598,20200804_142449
3D18B55293,158.723193,65.882324,20200804_142511
36D561D09E,158.70944,65.867204,20200804_142524
5CD4D6E4AE,158.718229,65.874927,20200804_142526
867E115134,158.708089,65.87568,20200804_142558
16CCCCC471,158.718294,65.874247,20200804_142718
48BE49B1CE,158.6972,65.869775,20200804_142722
36D561D09E,158.70944,65.867204,20200804_142801
03F3B0400E,158.705859,65.874695,20200804_142825
1986B766A7,158.711621,65.869767,20200804_142838
C5F8EF56BE,158.718571,65.879297,20200804_142916
ACC5476BED,158.705127,65.875883,20200804_142936
36D561D09E,158.70944,65.867204,20200804_143039
144E51A87A,158.692838,65.869397,20200804_143044
FAF8E4CC54,158.691813,65.870955,20200804_143046
C3045BAFF6,158.712142,65.8679,20200804_143116
28257AFE0B,158.710221,65.867969,20200804_143122
A868CD1B5E,158.70682,65.877091,20200804_143135
B536A3F70F,158.707812,65.875578,20200804_143151
344FFCD1D9,158.70874,65.868868,20200804_143206
5BB1524A88,158.694662,65.872567,20200804_143430
58E1450290,158.707048,65.875509,20200804_143447
7CD2B0D9C6,158.707455,65.86831,20200804_143525
36D561D09E,158.70944,65.867204,20200804_143555
0AB70B6E52,158.708138,65.876278,20200804_143644
4C51AA46AF,158.709521,65.868518,20200804_143651
90FEDDC8F5,158.706087,65.867135,20200804_143748
2124871138,158.711833,65.870215,20200804_143818
36D561D09E,158.70944,65.867204,20200804_143834
BF490D0676,158.712809,65.869694,20200804_143837
72CFA8C82D,158.695085,65.874447,20200804_143838
AC077033F9,158.71849,65.879781,20200804_143913
789B1DE702,158.697038,65.874247,20200804_143946
CCC7B28A3E,158.718018,65.875061,20200804_144105
0D7C240A3A,158.699805,65.867769,20200804_144123
5470BF5D91,158.719141,65.879167,20200804_144141
3493B56166,158.722477,65.881909,20200804_144150
E22E6FA9DA,158.696143,65.875712,20200804_144214
D9C985591D,158.70319,65.873897,20200804_144315
8DAE86D2AC,158.711849,65.868302,20200804_144325
36D561D09E,158.70944,65.867204,20200804_144344
0B79466C00,158.706543,65.868465,20200804_144423
5BB1524A88,158.694792,65.872502,20200804_144430
4F67DF6DA9,158.70874,65.864059,20200804_144448
2A4292D5CC,158.707666,65.863835,20200804_144530
36D561D09E,158.70944,65.867204,20200804_144606
9C59F673A7,158.717594,65.875134,20200804_144609
103FDAFB03,158.711165,65.868945,20200804_144619
FF85A9010D,158.724675,65.884778,20200804_144714
0B81E9886B,158.708757,65.867269,20200804_144752
280BC5361A,158.696191,65.869515,20200804_144807
38739FCB7C,158.717773,65.874841,20200804_144812
2D181C1E14,158.718587,65.875049,20200804_144847
D6D04FD8BF,158.711426,65.868009,20200804_144912
4563675FAE,158.719645,65.879285,20200804_144935
492A160D29,158.719417,65.87786,20200804_145030
ED98D3A049,158.719189,65.879586,20200804_145047
36D561D09E,158.70944,65.867204,20200804_145049
BE62758E1F,158.718359,65.874373,20200804_145054
4358E374DB,158.709082,65.867505,20200804_145108
111D716A6A,158.696419,65.874882,20200804_145213
6648D4088C,158.696045,65.875541,20200804_145220
111D716A6A,158.696419,65.874882,20200804_145223
6648D4088C,158.696257,65.875322,20200804_145230
111D716A6A,158.696419,65.874882,20200804_145233
6648D4088C,158.696175,65.87537,20200804_145240
111D716A6A,158.696419,65.874882,20200804_145243
E0DFCF4299,158.71652,65.874695,20200804_145247
6648D4088C,158.696029,65.875391,20200804_145250
111D716A6A,158.696615,65.874711,20200804_145253
173B351AB4,158.702718,65.873942,20200804_145301
054EB43391,158.701839,65.874223,20200804_145304
36D561D09E,158.70944,65.867204,20200804_145310
44B6C4280B,158.711637,65.869568,20200804_145316
B5D2C46445,158.709326,65.867712,20200804_145330
8190CF7826,158.718034,65.876119,20200804_145338
B4D12C9800,158.719955,65.877087,20200804_145357
6EA42F106E,158.706282,65.876038,20200804_145527
111D716A6A,158.696615,65.874711,20200804_145543
36D561D09E,158.70944,65.867204,20200804_145550
6648D4088C,158.696029,65.875391,20200804_145551
111D716A6A,158.696615,65.874711,20200804_145553
6648D4088C,158.695785,65.875627,20200804_145601
111D716A6A,158.696615,65.874711,20200804_145603
6648D4088C,158.695833,65.875594,20200804_145611
C85718AAA6,158.706429,65.875399,20200804_145611
07F5A5443A,158.703548,65.870402,20200804_145612
111D716A6A,158.696615,65.874711,20200804_145613
6648D4088C,158.69585,65.875586,20200804_145621
111D716A6A,158.69777,65.87465,20200804_145623
6648D4088C,158.69585,65.875553,20200804_145631
111D716A6A,158.697282,65.874715,20200804_145633
6648D4088C,158.69585,65.875525,20200804_145641
111D716A6A,158.696745,65.874797,20200804_145644
6648D4088C,158.69585,65.875509,20200804_145651
FF85A9010D,158.724593,65.8849,20200804_145715
4EB1DA60E4,158.702311,65.876164,20200804_145731
1EB6D265CA,158.709098,65.863574,20200804_145735
CACADB3DD1,158.697379,65.870133,20200804_145748
B60A33A78F,158.694401,65.869702,20200804_145827
36D561D09E,158.70944,65.867204,20200804_145828
111D716A6A,158.696745,65.874797,20200804_145834
B1133774BD,158.706575,65.87734,20200804_145839
6648D4088C,158.69585,65.875509,20200804_145841
9B2BFB76B0,158.697103,65.870817,20200804_145841
111D716A6A,158.696745,65.874634,20200804_145844
6648D4088C,158.69585,65.875501,20200804_145851
111D716A6A,158.696533,65.874597,20200804_145854
6648D4088C,158.69585,65.875488,20200804_145901
111D716A6A,158.696517,65.874678,20200804_145904
C60A967613,158.692838,65.870337,20200804_145905
5627307A68,158.697575,65.869015,20200804_145915
32DD9FD4BA,158.70651,65.876107,20200804_145919
6E41A797DF,158.69445,65.873482,20200804_145930
49B59E7D83,158.692285,65.870235,20200804_145939
0545E33D87,158.700358,65.87426,20200804_145952
5F3DD34FB0,158.693294,65.871289,20200804_150038
067E5E8528,158.71945,65.87443,20200804_150041
36D561D09E,158.70944,65.867204,20200804_150113
DBD2DFBE7C,158.694662,65.874247,20200804_150144
12926CD1AC,158.704704,65.872058,20200804_150209
7DEF462210,158.711377,65.870085,20200804_150219
491DB417AF,158.708073,65.867879,20200804_150306
B17C598C2F,158.694499,65.868986,20200804_150315
753BFBC848,158.711312,65.869092,20200804_150323
36D561D09E,158.70944,65.867204,20200804_150344
EF534B87C8,158.707536,65.867558,20200804_150345
C629040AC2,158.707227,65.877787,20200804_150451
8D83ACFEF7,158.698307,65.870439,20200804_150516
AEE50DCDD4,158.711751,65.869515,20200804_150554
36D561D09E,158.70944,65.867204,20200804_150620
A9AAAF6A2D,158.703239,65.876925,20200804_150715
EF48432914,158.707292,65.867049,20200804_150743
41987C99DC,158.723926,65.88267,20200804_150808
65A3A63F7C,158.692187,65.869844,20200804_150828
E09A56D9C9,158.696696,65.876196,20200804_150901
36D561D09E,158.70944,65.867204,20200804_150905
F30998A0C7,158.700944,65.875199,20200804_150907
F131A93D0A,158.692285,65.871737,20200804_150912
E9E7431363,158.708643,65.866724,20200804_151109
DED5E39563,158.708268,65.863115,20200804_151141
8BD4B99703,158.694124,65.869006,20200804_151152
36D561D09E,158.70944,65.867204,20200804_151226
86737B7976,158.718294,65.880489,20200804_151228
D8A10AC26D,158.707731,65.869067,20200804_151232
111D716A6A,158.696517,65.874678,20200804_151245
1C1145C9C5,158.720638,65.879065,20200804_151247
F6767BE3DD,158.709017,65.86744,20200804_151247
111D716A6A,158.696517,65.874678,20200804_151255
111D716A6A,158.696452,65.874593,20200804_151305
111D716A6A,158.696452,65.874593,20200804_151335
111D716A6A,158.696452,65.874593,20200804_151345
BEC527C24C,158.718229,65.878796,20200804_151353
111D716A6A,158.696338,65.874784,20200804_151405
111D716A6A,158.696371,65.874756,20200804_151415
111D716A6A,158.696387,65.874735,20200804_151426
111D716A6A,158.696387,65.874723,20200804_151436
2FDC8A3952,158.707585,65.863233,20200804_151442
111D716A6A,158.696419,65.874719,20200804_151446
6648D4088C,158.695898,65.875456,20200804_151453
111D716A6A,158.696468,65.874719,20200804_151456
6648D4088C,158.695915,65.875407,20200804_151503
111D716A6A,158.696517,65.87474,20200804_151506
111D716A6A,158.696517,65.874764,20200804_151516
7410294D45,158.696387,65.869633,20200804_151521
111D716A6A,158.696517,65.874772,20200804_151526
111D716A6A,158.696533,65.87478,20200804_151536
6648D4088C,158.695915,65.875407,20200804_151543
111D716A6A,158.696533,65.874784,20200804_151546
6648D4088C,158.695915,65.875509,20200804_151603
6648D4088C,158.695915,65.875513,20200804_151613
111D716A6A,158.69655,65.874809,20200804_151616
6648D4088C,158.695915,65.875513,20200804_151623
111D716A6A,158.69655,65.874817,20200804_151626
6648D4088C,158.695915,65.875509,20200804_151633
111D716A6A,158.696533,65.874817,20200804_151636
6648D4088C,158.695898,65.875501,20200804_151643
111D716A6A,158.696484,65.874821,20200804_151646
6648D4088C,158.695866,65.875488,20200804_151653
111D716A6A,158.696468,65.874821,20200804_151656
6648D4088C,158.695898,65.875476,20200804_151703
111D716A6A,158.696452,65.874817,20200804_151706
6648D4088C,158.695898,65.875476,20200804_151713
111D716A6A,158.696452,65.874821,20200804_151716
0CD1CD4B64,158.696419,65.877665,20200804_151722
6648D4088C,158.695898,65.875476,20200804_151723
111D716A6A,158.696452,65.874825,20200804_151726
896C62D071,158.707991,65.869157,20200804_151733
6648D4088C,158.695898,65.875484,20200804_151733
1CE3B37171,158.707438,65.876864,20200804_151736
111D716A6A,158.696452,65.874833,20200804_151736
426EBCA8C1,158.710124,65.863615,20200804_151741
89D98C66EE,158.701465,65.867306,20200804_151742
111D716A6A,158.696452,65.874837,20200804_151746
E3F03340DF,158.70695,65.866671,20200804_151800
6648D4088C,158.695898,65.875488,20200804_151803
111D716A6A,158.696468,65.874837,20200804_151806
6648D4088C,158.695915,65.875472,20200804_151813
111D716A6A,158.696468,65.874837,20200804_151816
6648D4088C,158.695915,65.87546,20200804_151823
111D716A6A,158.696452,65.874837,20200804_151826
89F3C5A5F9,158.710221,65.863591,20200804_151827
6648D4088C,158.695915,65.87546,20200804_151833
111D716A6A,158.696419,65.874866,20200804_151836
6648D4088C,158.695915,65.87546,20200804_151843
111D716A6A,158.696403,65.874886,20200804_151846
6648D4088C,158.695915,65.875456,20200804_151853
36D561D09E,158.70944,65.867204,20200804_151855
111D716A6A,158.696371,65.874919,20200804_151856
75C7B455CB,158.720784,65.88029,20200804_151907
A32DE3B587,158.712647,65.870154,20200804_151923
028010B325,158.695898,65.87168,20200804_151923
2762075256,158.719141,65.879529,20200804_151945
A5B3EE206D,158.69694,65.87535,20200804_152000
1B6B599E25,158.718587,65.880188,20200804_152002
EBDE6FCC75,158.695963,65.871582,20200804_152021
1BE67C18C9,158.707243,65.875903,20200804_152205
96D3F4FA15,158.70682,65.877942,20200804_152208
638FAED05E,158.717692,65.879159,20200804_152225
AAF718AAD8,158.711279,65.868595,20200804_152226
B004CB7CDB,158.702295,65.872709,20200804_152238
69AD8B2EFC,158.70236,65.872896,20200804_152254
01D12F00F2,158.696663,65.870252,20200804_152346
2C7BAA6CCD,158.702034,65.876794,20200804_152349
36D561D09E,158.70944,65.867204,20200804_152410
714F90E05D,158.718831,65.878068,20200804_152412
7E5C0D3FE1,158.70944,65.867977,20200804_152430
DFD83A4D5E,158.719027,65.876025,20200804_152437
7864C2D8D5,158.707878,65.863477,20200804_152511
8DE0E27331,158.694678,65.872827,20200804_152520
6A5DE890B1,158.697445,65.871057,20200804_152523
B0823D88FA,158.696729,65.870064,20200804_152536
DE4B7DF781,158.692611,65.870585,20200804_152622
36D561D09E,158.70944,65.867204,20200804_152648
194A593B9C,158.720687,65.8797,20200804_152703
9848769553,158.694108,65.86921,20200804_152825
D5577E4CD0,158.70651,65.874121,20200804_152901
B0C5D46402,158.711637,65.867733,20200804_152916
F3718E8F31,158.70332,65.874825,20200804_152917
36D561D09E,158.70944,65.867204,20200804_152922
9AC8C9DEFF,158.706543,65.866976,20200804_152953
C4C65C1D85,158.719238,65.876575,20200804_152957
25B9C6CCA4,158.705501,65.864937,20200804_153037
F9309E34D3,158.696647,65.870085,20200804_153041
36D561D09E,158.70944,65.867204,20200804_153150
F78ED89CCF,158.701839,65.872554,20200804_153218
16D9353696,158.697363,65.871708,20200804_153302
DA844D1803,158.69598,65.870011,20200804_153313
36D561D09E,158.70944,65.867204,20200804_153330
16EFB299B3,158.693392,65.87216,20200804_153339
29C35B1F4B,158.720817,65.87904,20200804_153416
8AF9EFCC7D,158.712093,65.869413,20200804_153445
A844E6103C,158.713623,65.872164,20200804_153446
36D561D09E,158.70944,65.867204,20200804_153514
2C1EDEDACA,158.705371,65.864901,20200804_153517
36D561D09E,158.70944,65.867204,20200804_153538
1C6463A45D,158.70905,65.869718,20200804_153539
7842CE10B5,158.697266,65.874972,20200804_153622
9A258A3200,158.719857,65.880164,20200804_153710
889D775ACC,158.695182,65.874923,20200804_153716
590885FFED,158.708317,65.867513,20200804_153736
36D561D09E,158.70944,65.867204,20200804_153747
A470CD9BA4,158.706608,65.876217,20200804_153757
C7D587376A,158.721745,65.881376,20200804_153801
FD896E5F0C,158.705338,65.876217,20200804_153935
36D561D09E,158.70944,65.867204,20200804_154009
771E520DFC,158.7118,65.870011,20200804_154042
2006364535,158.701546,65.876139,20200804_154136
69E12608A7,158.694271,65.872933,20200804_154155
BDF90762CE,158.694336,65.86899,20200804_154232
AB3F2E9898,158.705859,65.876559,20200804_154432
791F675DCE,158.707308,65.866809,20200804_154448
36D561D09E,158.70944,65.867204,20200804_154513
4A6DF687E7,158.724626,65.884464,20200804_154540
EC375C46AE,158.709912,65.8637,20200804_154602
D76A4C44C4,158.718376,65.873767,20200804_154608
3027464C80,158.708008,65.867472,20200804_154613
75D00A882C,158.708024,65.86346,20200804_154711
3E3FF6E1AF,158.705501,65.876542,20200804_154736
36D561D09E,158.70944,65.867204,20200804_154752
7F5B36AD33,158.711572,65.86818,20200804_154755
51A00423A8,158.719857,65.880229,20200804_155013
36D561D09E,158.70944,65.867204,20200804_155017
AFD337B492,158.711898,65.870011,20200804_155044
99E043C649,158.693441,65.870044,20200804_155051
C10BA2D2BC,158.69331,65.869401,20200804_155118
4FE9DA827F,158.695687,65.869889,20200804_155131
3265535978,158.712093,65.868091,20200804_155156
36D561D09E,158.70944,65.867204,20200804_155242
26151D63D3,158.692952,65.869812,20200804_155249
515B12FD46,158.702506,65.87417,20200804_155258
96CF37865F,158.719352,65.875728,20200804_155303
49A1FE3E01,158.695508,65.869307,20200804_155304
B8BC173D08,158.694694,65.872318,20200804_155355
3787986541,158.708561,65.867887,20200804_155358
5DB7C70C02,158.720036,65.880436,20200804_155413
A5E92D0F95,158.707731,65.863733,20200804_155423
6A84851CCF,158.696582,65.877494,20200804_155450
B4F7ACA042,158.694271,65.872156,20200804_155454
36D561D09E,158.70944,65.867204,20200804_155511
AFF988EAF1,158.697542,65.870923,20200804_155556
5445691862,158.708903,65.863387,20200804_155602
5CA8CC377F,158.707259,65.876566,20200804_155634
E7A4B795EB,158.69611,65.871574,20200804_155645
F59D989BA3,158.717253,65.872864,20200804_155718
3FAF4D3D18,158.722087,65.884843,20200804_155719
36D561D09E,158.70944,65.867204,20200804_155724
111D716A6A,158.696371,65.874919,20200804_155750
67073B0B23,158.702279,65.872611,20200804_155756
111D716A6A,158.696859,65.874548,20200804_155800
8F1A82D350,158.70612,65.876331,20200804_155831
C2437B742D,158.705274,65.875334,20200804_155915
147914D9E1,158.705859,65.87395,20200804_155916
5FE301A05D,158.717562,65.879765,20200804_155928
36D561D09E,158.70944,65.867204,20200804_155929
5AB50A3D05,158.694189,65.873075,20200804_155930
0EA2E922A4,158.709489,65.868884,20200804_155932
1559AD807B,158.695638,65.875317,20200804_160011
24CFFA7CAE,158.696615,65.875728,20200804_160018
6648D4088C,158.695915,65.875456,20200804_160057
111D716A6A,158.696891,65.874487,20200804_160100
6648D4088C,158.695833,65.875525,20200804_160107
111D716A6A,158.696371,65.874678,20200804_160110
5A7EF86ACC,158.696208,65.871712,20200804_160117
6648D4088C,158.695833,65.875513,20200804_160117
111D716A6A,158.696403,65.87465,20200804_160120
7456FBEF2B,158.703141,65.876892,20200804_160132
36D561D09E,158.70944,65.867204,20200804_160137
8B23BBA258,158.706885,65.86899,20200804_160213
56028BDA19,158.721126,65.879838,20200804_160216
FC14581805,158.7097,65.86768,20200804_160234
384E01425C,158.717969,65.874101,20200804_160319
36D561D09E,158.70944,65.867204,20200804_160346
44D747ED33,158.697412,65.873967,20200804_160424
A527BC4548,158.701383,65.875643,20200804_160452
A18AE323F7,158.706543,65.87513,20200804_160500
9505ACADA5,158.695963,65.86971,20200804_160501
0D0EA6BD28,158.708073,65.866862,20200804_160512
30788649D0,158.708496,65.868738,20200804_160523
2D6058B4B8,158.697819,65.870402,20200804_160530
658DD2C6A6,158.708089,65.863851,20200804_160535
36D561D09E,158.70944,65.867204,20200804_160553
0D19B9F4E9,158.708333,65.869015,20200804_160732
7AD6429EB3,158.710107,65.86733,20200804_160735
36D561D09E,158.70944,65.867204,20200804_160759
684E7BE2BA,158.705518,65.874959,20200804_160805
6560D1A805,158.7014,65.874475,20200804_160808
6EFFE67198,158.69751,65.875118,20200804_160810
FEC1D94492,158.718115,65.873157,20200804_160843
298E751320,158.72054,65.879895,20200804_160848
DB175188B0,158.720361,65.879899,20200804_160856
A2FB1B94F9,158.722542,65.882092,20200804_160934
EABE4D3578,158.697103,65.869926,20200804_160953
36D561D09E,158.70944,65.867204,20200804_161011
5472CFAB59,158.71027,65.863591,20200804_161046
46D4DCA627,158.69751,65.874471,20200804_161052
B898854357,158.707585,65.868551,20200804_161054
2C22EAAA9A,158.719043,65.875525,20200804_161106
8279CD2AB8,158.717611,65.875216,20200804_161136
016E65515E,158.708822,65.86825,20200804_161141
F52D3FCF2C,158.693229,65.87113,20200804_161206
3A50DE2627,158.692887,65.869967,20200804_161210
36D561D09E,158.70944,65.867204,20200804_161228
02383DF0CA,158.719043,65.87957,20200804_161320
AE49BEF65C,158.721745,65.881372,20200804_161336
A486AED867,158.69445,65.874133,20200804_161421
93D20BEA67,158.710612,65.868404,20200804_161453
36D561D09E,158.70944,65.867204,20200804_161454
3B2B936686,158.697705,65.869356,20200804_161457
61FDECAA85,158.707747,65.862948,20200804_161517
8F08969A54,158.704492,65.871863,20200804_161536
A239E16F7C,158.710677,65.868587,20200804_161632
2B41D4C9D4,158.696045,65.871541,20200804_161702
A45EC205B3,158.716764,65.874524,20200804_161718
36D561D09E,158.70944,65.867204,20200804_161720
5DB1AFF0D5,158.705941,65.876148,20200804_161725
484955E507,158.696761,65.869547,20200804_161745
6648D4088C,158.695833,65.875513,20200804_161749
111D716A6A,158.696403,65.87465,20200804_161752
6648D4088C,158.69585,65.875423,20200804_161759
111D716A6A,158.696403,65.87465,20200804_161802
6648D4088C,158.695833,65.87537,20200804_161809
111D716A6A,158.696582,65.874854,20200804_161812
6648D4088C,158.695801,65.875358,20200804_161819
36D561D09E,158.70944,65.867204,20200804_161934
7E7FC2FD85,158.701058,65.872258,20200804_161945
E8B9D5986D,158.706852,65.87019,20200804_162012
F947533AC0,158.707861,65.86639,20200804_162026
4C65AB7F22,158.692627,65.871509,20200804_162044
41D4792A20,158.69974,65.867956,20200804_162128
36D561D09E,158.70944,65.867204,20200804_162147
667A48D387,158.719141,65.878971,20200804_162233
3BBEEA97A4,158.697347,65.869055,20200804_162235
0A58BD6198,158.705794,65.875435,20200804_162242
BA72595000,158.695898,65.869926,20200804_162318
8EE1703B0C,158.693213,65.870447,20200804_162321
36D561D09E,158.70944,65.867204,20200804_162401
3D18B55293,158.723193,65.882324,20200804_162519
5CD4D6E4AE,158.718555,65.874833,20200804_162536
36D561D09E,158.70944,65.867204,20200804_162616
48BE49B1CE,158.6972,65.869775,20200804_162729
16CCCCC471,158.718294,65.874247,20200804_162731
36D561D09E,158.70944,65.867204,20200804_162832
1986B766A7,158.711572,65.869735,20200804_162839
C5F8EF56BE,158.718441,65.879008,20200804_162927
ACC5476BED,158.705127,65.875883,20200804_162950
36D561D09E,158.70944,65.867204,20200804_163047
144E51A87A,158.692838,65.869397,20200804_163052
FAF8E4CC54,158.691602,65.871232,20200804_163057
C3045BAFF6,158.712142,65.8679,20200804_163124
28257AFE0B,158.710221,65.867969,20200804_163130
D1DDB971A7,158.693327,65.872034,20200804_163133
A868CD1B5E,158.70682,65.877091,20200804_163146
B536A3F70F,158.70765,65.875777,20200804_163201
F836331CD6,158.707845,65.867179,20200804_163214
344FFCD1D9,158.70874,65.868868,20200804_163219
8A94A0FA14,158.708757,65.867306,20200804_163259
36D561D09E,158.70944,65.867204,20200804_163303
2E6222427D,158.72487,65.886052,20200804_163413
58E1450290,158.707536,65.875733,20200804_163459
36D561D09E,158.70944,65.867204,20200804_163522
7CD2B0D9C6,158.707455,65.86831,20200804_163533
0AB70B6E52,158.708138,65.876278,20200804_163651
4C51AA46AF,158.709521,65.868518,20200804_163659
36D561D09E,158.70944,65.867204,20200804_163734
90FEDDC8F5,158.706087,65.867135,20200804_163756
2124871138,158.711979,65.870133,20200804_163830
BF490D0676,158.712809,65.869694,20200804_163845
72CFA8C82D,158.695085,65.874447,20200804_163849
AC077033F9,158.718343,65.879748,20200804_163924
36D561D09E,158.70944,65.867204,20200804_163944
789B1DE702,158.697038,65.874247,20200804_163959
CCC7B28A3E,158.718018,65.875061,20200804_164112
0D7C240A3A,158.699577,65.867538,20200804_164134
5470BF5D91,158.719141,65.879167,20200804_164148
3493B56166,158.722477,65.881909,20200804_164158
E22E6FA9DA,158.69624,65.875745,20200804_164226
B4844B08C7,158.705827,65.875167,20200804_164227
3AEFAD7D3E,158.69694,65.871472,20200804_164313
D9C985591D,158.703206,65.874247,20200804_164326
8DAE86D2AC,158.7118,65.86831,20200804_164336
36D561D09E,158.70944,65.867204,20200804_164407
0B79466C00,158.706624,65.868441,20200804_164433
5BB1524A88,158.694792,65.872502,20200804_164443
4F67DF6DA9,158.70874,65.864059,20200804_164456
2A4292D5CC,158.707666,65.863822,20200804_164541
9C59F673A7,158.717594,65.875134,20200804_164617
36D561D09E,158.70944,65.867204,20200804_164619
103FDAFB03,158.711165,65.868945,20200804_164626
6648D4088C,158.695801,65.875358,20200804_164752
111D716A6A,158.696582,65.874854,20200804_164756
50CBC1A887,158.718311,65.875781,20200804_164757
0B81E9886B,158.709082,65.866602,20200804_164802
111D716A6A,158.696582,65.874854,20200804_164806
111D716A6A,158.696387,65.87502,20200804_164816
280BC5361A,158.69611,65.869434,20200804_164819
38739FCB7C,158.717773,65.874841,20200804_164819
6648D4088C,158.695898,65.875614,20200804_164822
18A6A15ACF,158.69751,65.87041,20200804_164826
111D716A6A,158.696387,65.875045,20200804_164826
111D716A6A,158.696387,65.875041,20200804_164836
2D181C1E14,158.718587,65.875049,20200804_164854
D6D04FD8BF,158.71141,65.868009,20200804_164923
4563675FAE,158.719645,65.879285,20200804_164942
0545E33D87,158.700358,65.87426,20200804_165003
492A160D29,158.719417,65.87786,20200804_165043
ED98D3A049,158.718962,65.879435,20200804_165059
BE62758E1F,158.718359,65.874373,20200804_165102
4358E374DB,158.709082,65.867505,20200804_165121
36D561D09E,158.70944,65.867204,20200804_165128
E0DFCF4299,158.71652,65.874695,20200804_165255
054EB43391,158.701839,65.874223,20200804_165312
173B351AB4,158.702718,65.873942,20200804_165312
44B6C4280B,158.711637,65.869568,20200804_165323
B5D2C46445,158.709326,65.867712,20200804_165338
8190CF7826,158.718164,65.87618,20200804_165348
36D561D09E,158.70944,65.867204,20200804_165358
B4D12C9800,158.719955,65.877087,20200804_165405
6EA42F106E,158.706282,65.876038,20200804_165534
C85718AAA6,158.706429,65.875399,20200804_165619
07F5A5443A,158.703548,65.870402,20200804_165625
36D561D09E,158.70944,65.867204,20200804_165634
FF85A9010D,158.724593,65.8849,20200804_165727
4EB1DA60E4,158.702393,65.876164,20200804_165731
1EB6D265CA,158.709098,65.863574,20200804_165746
CACADB3DD1,158.697493,65.87015,20200804_165759
B60A33A78F,158.694401,65.869702,20200804_165839
B1133774BD,158.706575,65.87734,20200804_165847
9B2BFB76B0,158.697038,65.870719,20200804_165852
36D561D09E,158.70944,65.867204,20200804_165912
C60A967613,158.692838,65.870337,20200804_165919
5627307A68,158.697575,65.869015,20200804_165922
32DD9FD4BA,158.706641,65.876119,20200804_165930
6E41A797DF,158.69445,65.873482,20200804_165937
49B59E7D83,158.692285,65.870235,20200804_165953
0545E33D87,158.70026,65.874137,20200804_170003
5F3DD34FB0,158.693294,65.871289,20200804_170046
067E5E8528,158.71945,65.87443,20200804_170048
36D561D09E,158.70944,65.867204,20200804_170150
DBD2DFBE7C,158.694662,65.874247,20200804_170156
12926CD1AC,158.704704,65.872058,20200804_170217
7DEF462210,158.711377,65.870085,20200804_170226
491DB417AF,158.708073,65.867879,20200804_170313
B17C598C2F,158.694499,65.868986,20200804_170322
753BFBC848,158.711312,65.869092,20200804_170336
EF534B87C8,158.707536,65.867558,20200804_170352
36D561D09E,158.70944,65.867204,20200804_170428
C629040AC2,158.707227,65.877787,20200804_170503
8D83ACFEF7,158.698307,65.870439,20200804_170517
AEE50DCDD4,158.711751,65.869515,20200804_170607
6648D4088C,158.695898,65.87561,20200804_170624
111D716A6A,158.696387,65.875041,20200804_170627
6648D4088C,158.69585,65.875452,20200804_170634
111D716A6A,158.696387,65.875041,20200804_170637
6648D4088C,158.695898,65.875452,20200804_170644
111D716A6A,158.69668,65.874784,20200804_170647
6648D4088C,158.695915,65.875452,20200804_170654
111D716A6A,158.696452,65.87489,20200804_170658
36D561D09E,158.70944,65.867204,20200804_170703
111D716A6A,158.696452,65.874906,20200804_170708
E9ADBB400C,158.718506,65.878841,20200804_170724
A9AAAF6A2D,158.703271,65.876913,20200804_170727
EF48432914,158.707455,65.867143,20200804_170755
E09A56D9C9,158.696696,65.876196,20200804_170913
F30998A0C7,158.700944,65.875199,20200804_170915
36D561D09E,158.70944,65.867204,20200804_170920
F131A93D0A,158.692285,65.871737,20200804_170925
E10706435D,158.706787,65.876245,20200804_171005
111D716A6A,158.696452,65.874906,20200804_171008
111D716A6A,158.696484,65.874902,20200804_171018
111D716A6A,158.696419,65.874943,20200804_171028
E9E7431363,158.708643,65.866724,20200804_171117
DED5E39563,158.708268,65.863115,20200804_171149
36D561D09E,158.70944,65.867204,20200804_171153
111D716A6A,158.696419,65.874943,20200804_171158
8BD4B99703,158.694124,65.869006,20200804_171200
6648D4088C,158.695915,65.875452,20200804_171205
111D716A6A,158.696419,65.874943,20200804_171208
6648D4088C,158.695866,65.87546,20200804_171215
111D716A6A,158.696208,65.875061,20200804_171218
6648D4088C,158.695866,65.875468,20200804_171225
111D716A6A,158.696175,65.875061,20200804_171228
6648D4088C,158.695866,65.875456,20200804_171235
111D716A6A,158.696126,65.875081,20200804_171238
86737B7976,158.718392,65.88042,20200804_171239
D8A10AC26D,158.707715,65.869157,20200804_171242
F6767BE3DD,158.708952,65.867387,20200804_171259
1C1145C9C5,158.72054,65.879065,20200804_171259
1DA62B0079,158.696126,65.871423,20200804_171306
BEC527C24C,158.718229,65.878796,20200804_171400
2FDC8A3952,158.707585,65.863233,20200804_171454
7410294D45,158.696387,65.869633,20200804_171533
111D716A6A,158.696126,65.875081,20200804_171549
111D716A6A,158.696273,65.875142,20200804_171559
111D716A6A,158.696126,65.875073,20200804_171609
6648D4088C,158.695866,65.875456,20200804_171615
111D716A6A,158.696061,65.874972,20200804_171619
6648D4088C,158.695963,65.875456,20200804_171625
111D716A6A,158.69598,65.87502,20200804_171629
6648D4088C,158.695931,65.875468,20200804_171635
111D716A6A,158.695915,65.875061,20200804_171639
6648D4088C,158.695915,65.875476,20200804_171645
111D716A6A,158.695898,65.875077,20200804_171649
6648D4088C,158.695898,65.875484,20200804_171655
111D716A6A,158.695915,65.875073,20200804_171659
6648D4088C,158.695898,65.875488,20200804_171705
36D561D09E,158.70944,65.867204,20200804_171707
111D716A6A,158.695931,65.875065,20200804_171709
6648D4088C,158.695866,65.875492,20200804_171715
111D716A6A,158.695996,65.875049,20200804_171719
6648D4088C,158.69585,65.875492,20200804_171725
111D716A6A,158.696061,65.875028,20200804_171729
896C62D071,158.707943,65.869002,20200804_171734
0CD1CD4B64,158.696419,65.877665,20200804_171735
111D716A6A,158.696077,65.875024,20200804_171739
1CE3B37171,158.707438,65.876864,20200804_171748
426EBCA8C1,158.710124,65.863615,20200804_171754
89D98C66EE,158.701725,65.867143,20200804_171754
E3F03340DF,158.706917,65.866842,20200804_171811
89F3C5A5F9,158.710221,65.863591,20200804_171840
75C7B455CB,158.720784,65.88029,20200804_171919
028010B325,158.695898,65.87168,20200804_171930
A32DE3B587,158.712663,65.870207,20200804_171934
36D561D09E,158.70944,65.867204,20200804_171939
2762075256,158.719385,65.879476,20200804_171956
A5B3EE206D,158.696989,65.875452,20200804_172012
1B6B599E25,158.718587,65.880188,20200804_172015
EBDE6FCC75,158.696045,65.871509,20200804_172032
B8BBB55E42,158.693734,65.872449,20200804_172037
36D561D09E,158.70944,65.867204,20200804_172202
1BE67C18C9,158.707243,65.875903,20200804_172216
96D3F4FA15,158.706754,65.878011,20200804_172220
638FAED05E,158.717692,65.879159,20200804_172232
AAF718AAD8,158.711279,65.868595,20200804_172239
B004CB7CDB,158.702393,65.872681,20200804_172250
69AD8B2EFC,158.70236,65.872896,20200804_172306
01D12F00F2,158.696663,65.870252,20200804_172354
2C7BAA6CCD,158.702034,65.876794,20200804_172402
714F90E05D,158.718831,65.878068,20200804_172420
36D561D09E,158.70944,65.867204,20200804_172425
DFD83A4D5E,158.719027,65.876025,20200804_172444
7864C2D8D5,158.707666,65.863472,20200804_172521
8DE0E27331,158.694564,65.872782,20200804_172531
6A5DE890B1,158.697445,65.871057,20200804_172536
B0823D88FA,158.696729,65.870064,20200804_172544
DE4B7DF781,158.69292,65.870406,20200804_172633
36D561D09E,158.709375,65.867232,20200804_172646
194A593B9C,158.720687,65.8797,20200804_172717
9848769553,158.694108,65.86921,20200804_172832
D5577E4CD0,158.70651,65.874121,20200804_172908
F3718E8F31,158.70332,65.874825,20200804_172924
B0C5D46402,158.711654,65.867708,20200804_172926
C4C65C1D85,158.719238,65.876575,20200804_173004
9AC8C9DEFF,158.706608,65.866781,20200804_173005
25B9C6CCA4,158.705501,65.864937,20200804_173038
F9309E34D3,158.696647,65.870085,20200804_173054
F825580637,158.718799,65.875488,20200804_173202
F78ED89CCF,158.701839,65.872554,20200804_173230
36D561D09E,158.709277,65.867163,20200804_173240
16D9353696,158.697363,65.871708,20200804_173315
DA844D1803,158.69598,65.870011,20200804_173321
14EF806B7E,158.707503,65.875724,20200804_173347
29C35B1F4B,158.720784,65.878955,20200804_173426
36D561D09E,158.709375,65.867143,20200804_173428
8AF9EFCC7D,158.712093,65.869413,20200804_173452
A844E6103C,158.713623,65.872164,20200804_173454
2C1EDEDACA,158.705371,65.864901,20200804_173525
1C6463A45D,158.70905,65.869718,20200804_173553
36D561D09E,158.709277,65.867167,20200804_173553
7544BA45B5,158.697298,65.875728,20200804_173603
23D069C7A3,158.709375,65.863676,20200804_173608
36D561D09E,158.709277,65.867167,20200804_173618
9A258A3200,158.719857,65.880164,20200804_173718
889D775ACC,158.695182,65.874923,20200804_173728
590885FFED,158.708317,65.867513,20200804_173749
A470CD9BA4,158.706608,65.876217,20200804_173809
C7D587376A,158.721956,65.88169,20200804_173812
36D561D09E,158.709277,65.867167,20200804_173820
FD896E5F0C,158.705338,65.876217,20200804_173943
08B40E9C2A,158.703255,65.874052,20200804_173948
36D561D09E,158.709277,65.867167,20200804_174024
771E520DFC,158.7118,65.870011,20200804_174049
2006364535,158.701416,65.87607,20200804_174147
69E12608A7,158.694271,65.872933,20200804_174207
36D561D09E,158.709277,65.867167,20200804_174231
BDF90762CE,158.694336,65.86899,20200804_174240
0CFEEA8434,158.705127,65.871765,20200804_174347
36D561D09E,158.709277,65.867167,20200804_174442
791F675DCE,158.707308,65.866809,20200804_174456
4A6DF687E7,158.724398,65.883781,20200804_174552
EC375C46AE,158.709912,65.8637,20200804_174609
D76A4C44C4,158.718376,65.873767,20200804_174619
3027464C80,158.708008,65.867472,20200804_174621
36D561D09E,158.709277,65.867167,20200804_174651
75D00A882C,158.708024,65.86346,20200804_174723
3E3FF6E1AF,158.705501,65.876542,20200804_174744
7F5B36AD33,158.711572,65.86818,20200804_174808
36D561D09E,158.709277,65.867167,20200804_174901
33492B2F94,158.692985,65.870894,20200804_174952
51A00423A8,158.719857,65.880229,20200804_175025
AFD337B492,158.711898,65.870011,20200804_175056
99E043C649,158.693441,65.870044,20200804_175100
36D561D09E,158.709277,65.867167,20200804_175120
C10BA2D2BC,158.692985,65.869653,20200804_175129
4FE9DA827F,158.695687,65.869889,20200804_175140
3265535978,158.712061,65.868119,20200804_175207
26151D63D3,158.692952,65.869812,20200804_175302
96CF37865F,158.719352,65.875728,20200804_175311
515B12FD46,158.702506,65.87417,20200804_175311
49A1FE3E01,158.695524,65.869316,20200804_175316
36D561D09E,158.709277,65.867167,20200804_175339
B8BC173D08,158.694694,65.872318,20200804_175402
3787986541,158.708561,65.867887,20200804_175411
5DB7C70C02,158.720036,65.880436,20200804_175421
A5E92D0F95,158.707731,65.863814,20200804_175434
6A84851CCF,158.696582,65.877494,20200804_175458
B4F7ACA042,158.694271,65.872156,20200804_175508
AFF988EAF1,158.697542,65.870923,20200804_175557
36D561D09E,158.709277,65.867167,20200804_175604
5445691862,158.708903,65.863387,20200804_175614
5CA8CC377F,158.707259,65.876518,20200804_175644
E7A4B795EB,158.696029,65.871334,20200804_175657
F59D989BA3,158.717253,65.872864,20200804_175719
3FAF4D3D18,158.722087,65.884843,20200804_175726
67073B0B23,158.702051,65.872603,20200804_175807
36D561D09E,158.709277,65.867167,20200804_175825
8F1A82D350,158.70612,65.876331,20200804_175844
EA80A54874,158.708822,65.867424,20200804_175918
C2437B742D,158.705274,65.875334,20200804_175928
147914D9E1,158.705859,65.87395,20200804_175929
5FE301A05D,158.717562,65.879765,20200804_175940
0EA2E922A4,158.709456,65.869023,20200804_175942
5AB50A3D05,158.694189,65.873075,20200804_175942
2C88DC81B7,158.709733,65.867838,20200804_180018
1559AD807B,158.695638,65.875317,20200804_180018
ED71EB9DCF,158.70918,65.862948,20200804_180021
24CFFA7CAE,158.696615,65.875728,20200804_180026
36D561D09E,158.709277,65.867167,20200804_180039
10EC08652B,158.696045,65.871334,20200804_180125
5A7EF86ACC,158.696208,65.871712,20200804_180129
6A22EEDF1F,158.697331,65.870699,20200804_180129
56028BDA19,158.721126,65.879838,20200804_180224
8B23BBA258,158.706885,65.86899,20200804_180225
FC14581805,158.7097,65.86768,20200804_180242
36D561D09E,158.709277,65.867167,20200804_180257
384E01425C,158.717969,65.874101,20200804_180327
44D747ED33,158.697412,65.873967,20200804_180436
A527BC4548,158.701383,65.875643,20200804_180500
A18AE323F7,158.706543,65.87513,20200804_180511
9505ACADA5,158.696045,65.869539,20200804_180512
36D561D09E,158.709277,65.867167,20200804_180518
0D0EA6BD28,158.708073,65.866862,20200804_180520
30788649D0,158.708496,65.868738,20200804_180531
2D6058B4B8,158.697819,65.870402,20200804_180538
658DD2C6A6,158.708089,65.863851,20200804_180543
36D561D09E,158.709277,65.867167,20200804_180738
0D19B9F4E9,158.708333,65.869015,20200804_180739
7AD6429EB3,158.710107,65.86733,20200804_180747
684E7BE2BA,158.705518,65.874959,20200804_180817
6560D1A805,158.7014,65.874475,20200804_180821
FEC1D94492,158.718115,65.873157,20200804_180856
298E751320,158.72054,65.879895,20200804_180856
DB175188B0,158.720361,65.879899,20200804_180904
A2FB1B94F9,158.722542,65.882092,20200804_180947
36D561D09E,158.709277,65.867167,20200804_180957
EABE4D3578,158.697103,65.869926,20200804_181001
5472CFAB59,158.71027,65.863591,20200804_181054
46D4DCA627,158.69751,65.874471,20200804_181059
B898854357,158.707585,65.868551,20200804_181101
2C22EAAA9A,158.719043,65.875525,20200804_181119
8279CD2AB8,158.717611,65.875216,20200804_181144
016E65515E,158.708822,65.86825,20200804_181153
F52D3FCF2C,158.693164,65.871265,20200804_181217
36D561D09E,158.709277,65.867167,20200804_181220
3A50DE2627,158.692887,65.869967,20200804_181224
02383DF0CA,158.719043,65.87957,20200804_181332
A486AED867,158.69445,65.874133,20200804_181432
36D561D09E,158.709277,65.867167,20200804_181441
93D20BEA67,158.710612,65.868404,20200804_181505
3B2B936686,158.697705,65.869356,20200804_181510
61FDECAA85,158.707747,65.862948,20200804_181525
8F08969A54,158.704492,65.871863,20200804_181550
A239E16F7C,158.710677,65.868587,20200804_181645
77C9746FA4,158.696761,65.869092,20200804_181653
36D561D09E,158.709277,65.867167,20200804_181659
2B41D4C9D4,158.695963,65.871427,20200804_181714
A45EC205B3,158.716781,65.874548,20200804_181729
5DB1AFF0D5,158.70599,65.876188,20200804_181736
484955E507,158.696761,65.869547,20200804_181758
36D561D09E,158.709277,65.867167,20200804_181913
7E7FC2FD85,158.701058,65.872258,20200804_181953
E8B9D5986D,158.706852,65.87019,20200804_182024
F947533AC0,158.707861,65.86639,20200804_182034
4C65AB7F22,158.692627,65.871509,20200804_182052
36D561D09E,158.709277,65.867167,20200804_182126
41D4792A20,158.69974,65.867956,20200804_182140
667A48D387,158.719141,65.878971,20200804_182240
3BBEEA97A4,158.697347,65.869055,20200804_182248
0A58BD6198,158.705794,65.875435,20200804_182254
BA72595000,158.695898,65.869926,20200804_182331
8EE1703B0C,158.693213,65.870447,20200804_182334
36D561D09E,158.709277,65.867167,20200804_182336
D849FFAED0,158.70599,65.875476,20200804_182513
3D18B55293,158.723193,65.882324,20200804_182527
36D561D09E,158.709277,65.867167,20200804_182548
5CD4D6E4AE,158.718555,65.874833,20200804_182548
867E115134,158.708089,65.87568,20200804_182615
48BE49B1CE,158.6972,65.869775,20200804_182737
16CCCCC471,158.718294,65.874247,20200804_182743
36D561D09E,158.709277,65.867167,20200804_182800
1986B766A7,158.711572,65.869735,20200804_182840
03F3B0400E,158.705599,65.874284,20200804_182848
C5F8EF56BE,158.718441,65.879008,20200804_182939
ACC5476BED,158.705127,65.875883,20200804_183002
36D561D09E,158.709277,65.867167,20200804_183013
FAF8E4CC54,158.691602,65.871232,20200804_183109
C3045BAFF6,158.712142,65.8679,20200804_183132
D1DDB971A7,158.693327,65.872034,20200804_183140
A868CD1B5E,158.70682,65.877091,20200804_183157
B536A3F70F,158.70765,65.875777,20200804_183213
F836331CD6,158.707845,65.867179,20200804_183221
36D561D09E,158.709277,65.867167,20200804_183228
344FFCD1D9,158.70874,65.868868,20200804_183231
8A94A0FA14,158.708757,65.867306,20200804_183306
2E6222427D,158.72487,65.886052,20200804_183425
36D561D09E,158.709277,65.867167,20200804_183445
58E1450290,158.707536,65.875733,20200804_183512
7CD2B0D9C6,158.707455,65.86831,20200804_183541
0AB70B6E52,158.708138,65.876278,20200804_183659
36D561D09E,158.709277,65.867167,20200804_183702
4C51AA46AF,158.709521,65.868518,20200804_183707
111D716A6A,158.696077,65.875024,20200804_183747
111D716A6A,158.696077,65.875024,20200804_183757
90FEDDC8F5,158.706087,65.867135,20200804_183804
111D716A6A,158.695931,65.874841,20200804_183807
111D716A6A,158.695703,65.874976,20200804_183827
2124871138,158.711979,65.870133,20200804_183843
BF490D0676,158.712809,65.869694,20200804_183853
72CFA8C82D,158.695085,65.874447,20200804_183900
36D561D09E,158.709277,65.867167,20200804_183918
AC077033F9,158.718343,65.879748,20200804_183937
789B1DE702,158.697038,65.874247,20200804_184011
CCC7B28A3E,158.718018,65.875061,20200804_184120
36D561D09E,158.709277,65.867167,20200804_184138
0D7C240A3A,158.699577,65.867538,20200804_184146
5470BF5D91,158.719141,65.879167,20200804_184156
3493B56166,158.722477,65.881909,20200804_184206
7F48C5EB28,158.707048,65.866886,20200804_184234
B4844B08C7,158.705827,65.875163,20200804_184238
E22E6FA9DA,158.69624,65.875745,20200804_184240
D9C985591D,158.703206,65.874247,20200804_184338
8DAE86D2AC,158.7118,65.86831,20200804_184348
36D561D09E,158.709277,65.867167,20200804_184355
0B79466C00,158.706624,65.868441,20200804_184445
5BB1524A88,158.694792,65.872502,20200804_184454
4F67DF6DA9,158.70874,65.864059,20200804_184504
36D561D09E,158.709277,65.867167,20200804_184614
9C59F673A7,158.717594,65.875134,20200804_184625
103FDAFB03,158.711165,65.868945,20200804_184633
4BDB704A4E,158.709733,65.868074,20200804_184705
50CBC1A887,158.718311,65.875781,20200804_184809
0B81E9886B,158.709082,65.866602,20200804_184815
38739FCB7C,158.717773,65.874841,20200804_184826
280BC5361A,158.69611,65.869434,20200804_184831
18A6A15ACF,158.69751,65.87041,20200804_184838
36D561D09E,158.709277,65.867167,20200804_184842
2D181C1E14,158.718587,65.875049,20200804_184902
D6D04FD8BF,158.71141,65.868009,20200804_184937
4563675FAE,158.719645,65.879285,20200804_184950
492A160D29,158.719417,65.87786,20200804_185056
36D561D09E,158.709277,65.867167,20200804_185100
BE62758E1F,158.718359,65.874373,20200804_185109
ED98D3A049,158.718962,65.879435,20200804_185113
4358E374DB,158.709082,65.867505,20200804_185134
E0DFCF4299,158.71652,65.874695,20200804_185302
36D561D09E,158.709277,65.867167,20200804_185318
054EB43391,158.701839,65.874223,20200804_185319
173B351AB4,158.702718,65.873942,20200804_185324
44B6C4280B,158.711637,65.869568,20200804_185331
B5D2C46445,158.709326,65.867712,20200804_185346
B4D12C9800,158.719955,65.877087,20200804_185412
36D561D09E,158.709277,65.867167,20200804_185534
6EA42F106E,158.706282,65.876038,20200804_185542
C85718AAA6,158.706429,65.875399,20200804_185627
07F5A5443A,158.703581,65.87043,20200804_185636
4EB1DA60E4,158.702393,65.876164,20200804_185732
FF85A9010D,158.724593,65.8849,20200804_185739
1EB6D265CA,158.709098,65.863485,20200804_185757
36D561D09E,158.709277,65.867167,20200804_185804
CACADB3DD1,158.697493,65.87015,20200804_185812
B1133774BD,158.706575,65.87734,20200804_185855
9B2BFB76B0,158.697038,65.870719,20200804_185905
5627307A68,158.697575,65.869015,20200804_185930
C60A967613,158.692838,65.870337,20200804_185933
32DD9FD4BA,158.706641,65.876119,20200804_185942
6E41A797DF,158.69445,65.873482,20200804_185944
49B59E7D83,158.692285,65.870235,20200804_190005
0545E33D87,158.70026,65.874137,20200804_190017
36D561D09E,158.709277,65.867167,20200804_190043
5F3DD34FB0,158.693294,65.871289,20200804_190054
067E5E8528,158.71945,65.87443,20200804_190056
DBD2DFBE7C,158.694564,65.874117,20200804_190207
12926CD1AC,158.704704,65.872058,20200804_190224
7DEF462210,158.711377,65.870085,20200804_190234
491DB417AF,158.708073,65.867879,20200804_190321
B17C598C2F,158.694499,65.868986,20200804_190330
36D561D09E,158.709277,65.867167,20200804_190330
753BFBC848,158.711182,65.869299,20200804_190347
C629040AC2,158.707227,65.877787,20200804_190515
8D83ACFEF7,158.698307,65.870439,20200804_190518
36D561D09E,158.709277,65.867167,20200804_190614
AEE50DCDD4,158.711751,65.869515,20200804_190620
E9ADBB400C,158.718506,65.878841,20200804_190731
A9AAAF6A2D,158.703271,65.876913,20200804_190739
EF48432914,158.707455,65.867143,20200804_190808
41987C99DC,158.723926,65.88267,20200804_190832
65A3A63F7C,158.692187,65.869844,20200804_190853
F30998A0C7,158.700944,65.875199,20200804_190923
E09A56D9C9,158.696696,65.876196,20200804_190925
F131A93D0A,158.692285,65.871737,20200804_190937
E10706435D,158.706787,65.876245,20200804_191017
E9E7431363,158.708643,65.866724,20200804_191125
36D561D09E,158.709277,65.867167,20200804_191140
DED5E39563,158.708268,65.863115,20200804_191157
8BD4B99703,158.694124,65.869006,20200804_191208
86737B7976,158.718392,65.88042,20200804_191250
D8A10AC26D,158.707715,65.869157,20200804_191253
F6767BE3DD,158.708952,65.867387,20200804_191312
1C1145C9C5,158.72054,65.879065,20200804_191312
1DA62B0079,158.696126,65.871423,20200804_191318
BEC527C24C,158.718229,65.878796,20200804_191407
36D561D09E,158.709277,65.867167,20200804_191423
2FDC8A3952,158.707585,65.863233,20200804_191506
7410294D45,158.696387,65.869633,20200804_191545
C2AE309E65,158.709163,65.863302,20200804_191620
36D561D09E,158.709277,65.867167,20200804_191708
896C62D071,158.707943,65.869002,20200804_191735
0CD1CD4B64,158.696419,65.877665,20200804_191747
6648D4088C,158.69585,65.875492,20200804_191748
1CE3B37171,158.707438,65.876864,20200804_191759
426EBCA8C1,158.710124,65.863615,20200804_191807
89D98C66EE,158.701725,65.867143,20200804_191807
E3F03340DF,158.706917,65.866842,20200804_191824
75C7B455CB,158.720784,65.88029,20200804_191931
028010B325,158.695898,65.87168,20200804_191938
A32DE3B587,158.712663,65.870207,20200804_191947
36D561D09E,158.709277,65.867167,20200804_192002
2762075256,158.719385,65.879476,20200804_192008
A5B3EE206D,158.696989,65.875452,20200804_192025
1B6B599E25,158.718587,65.880188,20200804_192028
EBDE6FCC75,158.696045,65.871509,20200804_192045
B8BBB55E42,158.693734,65.872449,20200804_192049
1BE67C18C9,158.707243,65.875903,20200804_192227
96D3F4FA15,158.706754,65.878011,20200804_192233
638FAED05E,158.717692,65.879159,20200804_192239
AAF718AAD8,158.711279,65.868595,20200804_192252
B004CB7CDB,158.702393,65.872681,20200804_192304
36D561D09E,158.709277,65.867167,20200804_192305
69AD8B2EFC,158.70236,65.872896,20200804_192317
9850C308C6,158.706771,65.876965,20200804_192343
01D12F00F2,158.696663,65.870252,20200804_192401
2C7BAA6CCD,158.702034,65.876794,20200804_192415
DFD83A4D5E,158.719027,65.876025,20200804_192452
7E5C0D3FE1,158.709326,65.867969,20200804_192454
7864C2D8D5,158.707666,65.863472,20200804_192534
6A5DE890B1,158.697445,65.871057,20200804_192549
B0823D88FA,158.696729,65.870064,20200804_192552
36D561D09E,158.709277,65.867167,20200804_192554
DE4B7DF781,158.69292,65.870406,20200804_192646
194A593B9C,158.720638,65.879382,20200804_192729
9848769553,158.694108,65.86921,20200804_192839
36D561D09E,158.709277,65.867167,20200804_192844
D5577E4CD0,158.70651,65.874121,20200804_192916
F3718E8F31,158.70332,65.874825,20200804_192932
B0C5D46402,158.711654,65.867708,20200804_192939
C4C65C1D85,158.719238,65.876575,20200804_193012
9AC8C9DEFF,158.706608,65.866781,20200804_193018
25B9C6CCA4,158.705338,65.864949,20200804_193039
F9309E34D3,158.696647,65.870085,20200804_193106
36D561D09E,158.709277,65.867167,20200804_193133
F825580637,158.718799,65.875488,20200804_193216
F78ED89CCF,158.702002,65.872742,20200804_193241
16D9353696,158.697363,65.871708,20200804_193328
DA844D1803,158.69598,65.870011,20200804_193329
36D561D09E,158.709277,65.867167,20200804_193423
29C35B1F4B,158.720784,65.878955,20200804_193438
8AF9EFCC7D,158.712093,65.869413,20200804_193500
A844E6103C,158.713623,65.872164,20200804_193502
2C1EDEDACA,158.705371,65.864901,20200804_193533
1C6463A45D,158.70905,65.869718,20200804_193606
36D561D09E,158.709277,65.867167,20200804_193631
7842CE10B5,158.697298,65.875008,20200804_193647
36D561D09E,158.709277,65.867167,20200804_193715
9A258A3200,158.719857,65.880164,20200804_193726
889D775ACC,158.69541,65.874756,20200804_193739
590885FFED,158.708317,65.867513,20200804_193802
A470CD9BA4,158.706608,65.876217,20200804_193821
C7D587376A,158.721956,65.88169,20200804_193825
FD896E5F0C,158.705338,65.876217,20200804_193951
36D561D09E,158.709277,65.867167,20200804_193956
771E520DFC,158.7118,65.870011,20200804_194057
2006364535,158.701416,65.87607,20200804_194200
69E12608A7,158.694531,65.872969,20200804_194217
BDF90762CE,158.694336,65.86899,20200804_194247
36D561D09E,158.709277,65.867167,20200804_194311
850A51C41D,158.708935,65.862997,20200804_194321
7BC92557BF,158.70612,65.875797,20200804_194322
0CFEEA8434,158.705127,65.871765,20200804_194355
AB3F2E9898,158.705859,65.876559,20200804_194456
791F675DCE,158.707308,65.866809,20200804_194503
4A6DF687E7,158.724398,65.883781,20200804_194606
EC375C46AE,158.709912,65.8637,20200804_194617
3027464C80,158.708008,65.867472,20200804_194628
36D561D09E,158.709277,65.867167,20200804_194629
75D00A882C,158.707927,65.863354,20200804_194734
3E3FF6E1AF,158.705501,65.876542,20200804_194751
7F5B36AD33,158.711572,65.86818,20200804_194821
45496D3B36,158.71818,65.878223,20200804_194913
33492B2F94,158.693018,65.870886,20200804_195004
51A00423A8,158.719792,65.880412,20200804_195036
AFD337B492,158.711898,65.870011,20200804_195107
C10BA2D2BC,158.692985,65.869653,20200804_195142
4FE9DA827F,158.695687,65.869889,20200804_195148
3265535978,158.712061,65.868119,20200804_195219
26151D63D3,158.692952,65.869812,20200804_195314
96CF37865F,158.719352,65.875728,20200804_195319
515B12FD46,158.702506,65.87417,20200804_195324
36D561D09E,158.709277,65.867167,20200804_195327
49A1FE3E01,158.695524,65.869316,20200804_195329
B8BC173D08,158.694694,65.872318,20200804_195410
3787986541,158.708561,65.867887,20200804_195424
5DB7C70C02,158.720036,65.880436,20200804_195429
A5E92D0F95,158.707731,65.863814,20200804_195448
B4F7ACA042,158.694271,65.872156,20200804_195521
5445691862,158.708675,65.863407,20200804_195626
5CA8CC377F,158.707259,65.876518,20200804_195656
E7A4B795EB,158.696029,65.871334,20200804_195710
F59D989BA3,158.717253,65.872909,20200804_195720
3FAF4D3D18,158.722087,65.884843,20200804_195734
67073B0B23,158.702051,65.872603,20200804_195820
8F1A82D350,158.70612,65.876331,20200804_195856
EA80A54874,158.708822,65.867424,20200804_195931
C2437B742D,158.705274,65.875334,20200804_195940
147914D9E1,158.705859,65.87395,20200804_195941
5FE301A05D,158.718246,65.879525,20200804_195951
5AB50A3D05,158.69401,65.873173,20200804_195952
0EA2E922A4,158.709456,65.869023,20200804_195955
36D561D09E,158.709277,65.867167,20200804_200021
2C88DC81B7,158.709733,65.867838,20200804_200029
24CFFA7CAE,158.696615,65.875728,20200804_200033
ED71EB9DCF,158.70918,65.862948,20200804_200033
7456FBEF2B,158.703141,65.876892,20200804_200133
10EC08652B,158.696045,65.871334,20200804_200136
6A22EEDF1F,158.697331,65.870699,20200804_200137
5A7EF86ACC,158.695931,65.870821,20200804_200141
56028BDA19,158.721126,65.879838,20200804_200231
8B23BBA258,158.706885,65.86899,20200804_200236
FC14581805,158.7097,65.86768,20200804_200250
384E01425C,158.717969,65.874101,20200804_200335
36D561D09E,158.709277,65.867167,20200804_200337
44D747ED33,158.697412,65.873967,20200804_200448
A527BC4548,158.701383,65.875643,20200804_200508
A18AE323F7,158.706771,65.875151,20200804_200521
9505ACADA5,158.696045,65.869539,20200804_200525
0D0EA6BD28,158.708073,65.866862,20200804_200528
30788649D0,158.708496,65.868738,20200804_200539
2D6058B4B8,158.697819,65.870402,20200804_200545
658DD2C6A6,158.708089,65.863851,20200804_200551
36D561D09E,158.709277,65.867167,20200804_200650
0D19B9F4E9,158.708333,65.869015,20200804_200746
7AD6429EB3,158.710107,65.86733,20200804_200759
684E7BE2BA,158.705436,65.874386,20200804_200828
6560D1A805,158.7014,65.874475,20200804_200834
6EFFE67198,158.69751,65.875118,20200804_200835
298E751320,158.72054,65.879895,20200804_200904
FEC1D94492,158.718115,65.873157,20200804_200907
DB175188B0,158.720361,65.879899,20200804_200912
A2FB1B94F9,158.722624,65.882219,20200804_200958
36D561D09E,158.709277,65.867167,20200804_201005
EABE4D3578,158.697103,65.869926,20200804_201009
5472CFAB59,158.71027,65.863591,20200804_201102
46D4DCA627,158.69751,65.874471,20200804_201107
B898854357,158.707585,65.868551,20200804_201109
2C22EAAA9A,158.719043,65.875525,20200804_201131
8279CD2AB8,158.717611,65.875216,20200804_201152
016E65515E,158.708822,65.86825,20200804_201205
6F784523C0,158.701416,65.876208,20200804_201217
F52D3FCF2C,158.693164,65.871265,20200804_201229
3A50DE2627,158.692887,65.869967,20200804_201237
02383DF0CA,158.719043,65.87957,20200804_201345
36D561D09E,158.709277,65.867167,20200804_201346
AE49BEF65C,158.721745,65.881372,20200804_201400
A486AED867,158.694499,65.874276,20200804_201443
93D20BEA67,158.710661,65.868482,20200804_201516
3B2B936686,158.697705,65.869356,20200804_201523
61FDECAA85,158.707747,65.862948,20200804_201532
14D2097903,158.693587,65.868933,20200804_201636
77C9746FA4,158.696761,65.869092,20200804_201705
2B41D4C9D4,158.695963,65.871427,20200804_201727
36D561D09E,158.709277,65.867167,20200804_201731
A45EC205B3,158.716781,65.874548,20200804_201742
5DB1AFF0D5,158.70599,65.876188,20200804_201749
484955E507,158.696761,65.869547,20200804_201810
7E7FC2FD85,158.701058,65.872258,20200804_202001
E8B9D5986D,158.706917,65.870138,20200804_202034
F947533AC0,158.707861,65.86639,20200804_202041
4C65AB7F22,158.692627,65.871509,20200804_202059
36D561D09E,158.709277,65.867167,20200804_202127
41D4792A20,158.69974,65.867956,20200804_202151
667A48D387,158.719141,65.878971,20200804_202248
3BBEEA97A4,158.697347,65.869055,20200804_202300
0A58BD6198,158.705876,65.875313,20200804_202305
BA72595000,158.695898,65.869926,20200804_202343
8EE1703B0C,158.69318,65.870719,20200804_202346
36D561D09E,158.709277,65.867167,20200804_202501
D849FFAED0,158.70599,65.875476,20200804_202526
3D18B55293,158.723193,65.882324,20200804_202536
5CD4D6E4AE,158.718555,65.874833,20200804_202600
867E115134,158.708089,65.87568,20200804_202623
48BE49B1CE,158.6972,65.869775,20200804_202744
16CCCCC471,158.718278,65.87408,20200804_202755
36D561D09E,158.709277,65.867167,20200804_202810
1986B766A7,158.711572,65.869735,20200804_202841
03F3B0400E,158.705599,65.874284,20200804_202900
ACC5476BED,158.705127,65.876229,20200804_203013
144E51A87A,158.692838,65.869397,20200804_203106
FAF8E4CC54,158.691602,65.871232,20200804_203121
36D561D09E,158.709277,65.867167,20200804_203128
C3045BAFF6,158.712142,65.8679,20200804_203140
28257AFE0B,158.710221,65.867969,20200804_203145
D1DDB971A7,158.693327,65.872034,20200804_203148
A868CD1B5E,158.706885,65.877136,20200804_203208
B536A3F70F,158.70765,65.875777,20200804_203225
F836331CD6,158.707845,65.867179,20200804_203229
344FFCD1D9,158.708643,65.868884,20200804_203243
B27224E2B9,158.718424,65.876017,20200804_203250
8A94A0FA14,158.708757,65.867306,20200804_203314
36D561D09E,158.709277,65.867167,20200804_203436
2E6222427D,158.724821,65.886116,20200804_203437
7CD2B0D9C6,158.707455,65.86831,20200804_203548
0AB70B6E52,158.708138,65.876278,20200804_203706
4C51AA46AF,158.709521,65.868518,20200804_203715
36D561D09E,158.709277,65.867167,20200804_203739
90FEDDC8F5,158.706087,65.867135,20200804_203811
111D716A6A,158.695703,65.874976,20200804_203841
BF490D0676,158.712809,65.869694,20200804_203900
72CFA8C82D,158.695215,65.874414,20200804_203910
AC077033F9,158.718343,65.879748,20200804_203949
CCC7B28A3E,158.718018,65.875061,20200804_204127
36D561D09E,158.709277,65.867167,20200804_204139
0D7C240A3A,158.699577,65.867538,20200804_204157
5470BF5D91,158.719141,65.879167,20200804_204204
3493B56166,158.722477,65.881909,20200804_204214
7F48C5EB28,158.707048,65.866886,20200804_204246
B4844B08C7,158.705827,65.875163,20200804_204250
E22E6FA9DA,158.69624,65.875745,20200804_204253
3AEFAD7D3E,158.696859,65.871199,20200804_204336
D9C985591D,158.703206,65.874247,20200804_204349
8DAE86D2AC,158.7118,65.86831,20200804_204400
0B79466C00,158.706624,65.868441,20200804_204457
5BB1524A88,158.694743,65.872518,20200804_204505
4F67DF6DA9,158.70874,65.864059,20200804_204511
36D561D09E,158.709277,65.867167,20200804_204541
2A4292D5CC,158.707666,65.863822,20200804_204606
D5922D4DDB,158.699349,65.873417,20200804_204617
9C59F673A7,158.717594,65.875134,20200804_204633
103FDAFB03,158.711165,65.868945,20200804_204640
4BDB704A4E,158.709733,65.868074,20200804_204713
50CBC1A887,158.718311,65.875781,20200804_204821
0B81E9886B,158.709082,65.866602,20200804_204826
38739FCB7C,158.717773,65.874841,20200804_204833
280BC5361A,158.69611,65.869434,20200804_204844
18A6A15ACF,158.69751,65.87041,20200804_204850
2D181C1E14,158.718587,65.875049,20200804_204909
36D561D09E,158.709277,65.867167,20200804_204931
D6D04FD8BF,158.71141,65.868009,20200804_204950
4563675FAE,158.719645,65.879285,20200804_204957
492A160D29,158.719466,65.878007,20200804_205108
BE62758E1F,158.718359,65.874373,20200804_205116
ED98D3A049,158.718962,65.879435,20200804_205126
4358E374DB,158.70918,65.867594,20200804_205145
E0DFCF4299,158.71652,65.874695,20200804_205310
36D561D09E,158.709277,65.867167,20200804_205320
054EB43391,158.701839,65.874223,20200804_205327
173B351AB4,158.702718,65.873942,20200804_205336
44B6C4280B,158.711637,65.869568,20200804_205339
B5D2C46445,158.709326,65.867712,20200804_205353
8190CF7826,158.718164,65.87618,20200804_205411
B4D12C9800,158.719955,65.877087,20200804_205419
6EA42F106E,158.706282,65.876038,20200804_205550
C85718AAA6,158.706429,65.875399,20200804_205634
07F5A5443A,158.703581,65.87043,20200804_205650
36D561D09E,158.709277,65.867167,20200804_205721
4EB1DA60E4,158.702393,65.876164,20200804_205733
FF85A9010D,158.72474,65.88477,20200804_205750
1EB6D265CA,158.709098,65.863485,20200804_205809
CACADB3DD1,158.697493,65.87015,20200804_205824
B60A33A78F,158.694401,65.869702,20200804_205901
B1133774BD,158.706575,65.87734,20200804_205902
9B2BFB76B0,158.697038,65.870719,20200804_205917
5627307A68,158.697575,65.869015,20200804_205937
C60A967613,158.693246,65.870373,20200804_205945
6E41A797DF,158.69445,65.873482,20200804_205952
32DD9FD4BA,158.706641,65.876119,20200804_205955
49B59E7D83,158.692204,65.870341,20200804_210017
0545E33D87,158.70026,65.874137,20200804_210029
5F3DD34FB0,158.693294,65.871289,20200804_210102
067E5E8528,158.71945,65.87443,20200804_210103
36D561D09E,158.709277,65.867167,20200804_210124
DBD2DFBE7C,158.694564,65.874117,20200804_210219
12926CD1AC,158.704704,65.872058,20200804_210232
7DEF462210,158.711377,65.870085,20200804_210241
491DB417AF,158.708073,65.867879,20200804_210329
B17C598C2F,158.694499,65.868986,20200804_210337
753BFBC848,158.711182,65.869299,20200804_210401
EF534B87C8,158.707536,65.867558,20200804_210408
8D83ACFEF7,158.698096,65.870585,20200804_210519
36D561D09E,158.709277,65.867167,20200804_210540
AEE50DCDD4,158.711751,65.869649,20200804_210632
91A251188B,158.712419,65.869751,20200804_210720
E9ADBB400C,158.718506,65.878841,20200804_210739
A9AAAF6A2D,158.703271,65.876913,20200804_210751
EF48432914,158.707455,65.867143,20200804_210820
41987C99DC,158.723942,65.882629,20200804_210842
65A3A63F7C,158.692155,65.869767,20200804_210904
36D561D09E,158.709277,65.867167,20200804_210925
F30998A0C7,158.700944,65.875199,20200804_210930
E09A56D9C9,158.696794,65.876176,20200804_210936
F131A93D0A,158.692415,65.871558,20200804_210948
E10706435D,158.706738,65.876359,20200804_211028
E9E7431363,158.708643,65.866724,20200804_211133
DED5E39563,158.708268,65.863115,20200804_211205
8BD4B99703,158.694124,65.869006,20200804_211215
86737B7976,158.718392,65.88042,20200804_211301
D8A10AC26D,158.707715,65.869157,20200804_211304
36D561D09E,158.709277,65.867167,20200804_211313
F6767BE3DD,158.708952,65.867387,20200804_211324
1C1145C9C5,158.72054,65.879065,20200804_211325
1DA62B0079,158.696126,65.871423,20200804_211329
BEC527C24C,158.718229,65.878796,20200804_211415
2FDC8A3952,158.707406,65.863013,20200804_211517
7410294D45,158.696484,65.869979,20200804_211555
C2AE309E65,158.709228,65.863265,20200804_211633
36D561D09E,158.709277,65.867167,20200804_211652
896C62D071,158.707943,65.869002,20200804_211736
0CD1CD4B64,158.696761,65.877718,20200804_211758
6648D4088C,158.69585,65.875492,20200804_211800
1CE3B37171,158.707373,65.876843,20200804_211809
426EBCA8C1,158.709945,65.863525,20200804_211818
89D98C66EE,158.701725,65.867143,20200804_211819
E3F03340DF,158.706917,65.866842,20200804_211836
89F3C5A5F9,158.710189,65.863574,20200804_211903
75C7B455CB,158.720784,65.880314,20200804_211942
028010B325,158.695898,65.87168,20200804_211945
A32DE3B587,158.712663,65.870207,20200804_212000
2762075256,158.719385,65.879476,20200804_212020
36D561D09E,158.709277,65.867167,20200804_212037
A5B3EE206D,158.696989,65.875452,20200804_212038
1B6B599E25,158.718766,65.880025,20200804_212040
B8BBB55E42,158.694124,65.872522,20200804_212101
1BE67C18C9,158.707243,65.875903,20200804_212240
96D3F4FA15,158.706754,65.878011,20200804_212245
638FAED05E,158.717692,65.879159,20200804_212246
AAF718AAD8,158.71097,65.868709,20200804_212303
B004CB7CDB,158.702393,65.872681,20200804_212317
69AD8B2EFC,158.702393,65.873055,20200804_212328
9850C308C6,158.706836,65.876965,20200804_212354
01D12F00F2,158.696663,65.870252,20200804_212408
36D561D09E,158.709277,65.867167,20200804_212413
2C7BAA6CCD,158.701904,65.876794,20200804_212427
714F90E05D,158.718831,65.878068,20200804_212435
DFD83A4D5E,158.719027,65.876025,20200804_212459
7E5C0D3FE1,158.709326,65.867969,20200804_212506
7864C2D8D5,158.707666,65.863472,20200804_212546
8DE0E27331,158.694564,65.872782,20200804_212555
B0823D88FA,158.696729,65.870064,20200804_212559
6A5DE890B1,158.697347,65.870903,20200804_212600
DE4B7DF781,158.69292,65.870406,20200804_212658
194A593B9C,158.720638,65.879382,20200804_212744
36D561D09E,158.709277,65.867167,20200804_212750
9848769553,158.694108,65.86921,20200804_212846
D5577E4CD0,158.70651,65.874121,20200804_212923
F3718E8F31,158.70332,65.874825,20200804_212940
C4C65C1D85,158.719238,65.876575,20200804_213020
9AC8C9DEFF,158.706608,65.866781,20200804_213030
25B9C6CCA4,158.705338,65.864949,20200804_213040
36D561D09E,158.709277,65.867167,20200804_213128
F825580637,158.718799,65.875488,20200804_213229
F78ED89CCF,158.702002,65.872742,20200804_213254
DA844D1803,158.69598,65.870011,20200804_213337
16D9353696,158.697298,65.871712,20200804_213340
14EF806B7E,158.707503,65.875724,20200804_213411
36D561D09E,158.709277,65.867167,20200804_213417
29C35B1F4B,158.720784,65.878955,20200804_213450
8AF9EFCC7D,158.712093,65.869413,20200804_213508
A844E6103C,158.713623,65.872164,20200804_213509
2C1EDEDACA,158.705371,65.864901,20200804_213540
1C6463A45D,158.709163,65.869682,20200804_213618
23D069C7A3,158.709375,65.863676,20200804_213623
7544BA45B5,158.697298,65.875728,20200804_213629
36D561D09E,158.709277,65.867167,20200804_213643
7842CE10B5,158.697298,65.875008,20200804_213700
36D561D09E,158.709277,65.867167,20200804_213702
9A258A3200,158.719857,65.880164,20200804_213733
889D775ACC,158.69541,65.874756,20200804_213752
590885FFED,158.70835,65.867253,20200804_213813
A470CD9BA4,158.706575,65.876326,20200804_213832
C7D587376A,158.721956,65.88169,20200804_213838
08B40E9C2A,158.703255,65.874052,20200804_214014
771E520DFC,158.7118,65.870011,20200804_214105
36D561D09E,158.709277,65.867167,20200804_214132
2006364535,158.701416,65.87607,20200804_214213
69E12608A7,158.694531,65.872969,20200804_214230
BDF90762CE,158.694336,65.86899,20200804_214254
850A51C41D,158.708935,65.862997,20200804_214328
7BC92557BF,158.70612,65.875797,20200804_214330
36D561D09E,158.709277,65.867167,20200804_214412
AB3F2E9898,158.705859,65.876559,20200804_214508
791F675DCE,158.707308,65.866809,20200804_214511
CE0F2A031E,158.724805,65.884587,20200804_214522
4A6DF687E7,158.724398,65.883781,20200804_214619
EC375C46AE,158.709912,65.8637,20200804_214625
3027464C80,158.708008,65.867472,20200804_214635
36D561D09E,158.709277,65.867167,20200804_214743
75D00A882C,158.707927,65.863354,20200804_214747
3E3FF6E1AF,158.705501,65.876542,20200804_214759
7F5B36AD33,158.711572,65.868176,20200804_214832
45496D3B36,158.718115,65.8783,20200804_214925
33492B2F94,158.693018,65.870886,20200804_215017
36D561D09E,158.709277,65.867167,20200804_215034
51A00423A8,158.719792,65.880412,20200804_215049
99E043C649,158.693441,65.870044,20200804_215116
4FE9DA827F,158.695687,65.869889,20200804_215157
3265535978,158.712061,65.868119,20200804_215231
26151D63D3,158.692985,65.869804,20200804_215325
515B12FD46,158.704753,65.87502,20200804_215335
49A1FE3E01,158.695524,65.869316,20200804_215341
36D561D09E,158.709277,65.867167,20200804_215409
B8BC173D08,158.694694,65.872318,20200804_215417
3787986541,158.70848,65.867867,20200804_215435
5DB7C70C02,158.720036,65.880436,20200804_215437
A5E92D0F95,158.707731,65.863814,20200804_215500
6A84851CCF,158.696582,65.877494,20200804_215514
B4F7ACA042,158.694141,65.872091,20200804_215532
AFF988EAF1,158.697656,65.87098,20200804_215559
5445691862,158.708675,65.863407,20200804_215639
5CA8CC377F,158.707259,65.876518,20200804_215707
F59D989BA3,158.717253,65.872909,20200804_215720
E7A4B795EB,158.696029,65.871334,20200804_215723
3FAF4D3D18,158.722087,65.884843,20200804_215741
67073B0B23,158.702051,65.872603,20200804_215833
8F1A82D350,158.706201,65.876432,20200804_215908
EA80A54874,158.708757,65.867594,20200804_215943
C2437B742D,158.705387,65.875338,20200804_215952
147914D9E1,158.70612,65.873836,20200804_215953
5FE301A05D,158.718246,65.879525,20200804_220004
0EA2E922A4,158.709456,65.869023,20200804_220006
057C3A98EB,158.701628,65.875334,20200804_220010
1559AD807B,158.695638,65.875317,20200804_220034
2C88DC81B7,158.709652,65.867822,20200804_220040
24CFFA7CAE,158.696615,65.875728,20200804_220041
ED71EB9DCF,158.709587,65.863005,20200804_220045
36D561D09E,158.709277,65.867167,20200804_220125
7456FBEF2B,158.703255,65.876933,20200804_220134
6A22EEDF1F,158.697331,65.870699,20200804_220144
5A7EF86ACC,158.695931,65.870821,20200804_220154
56028BDA19,158.721126,65.879838,20200804_220239
8B23BBA258,158.706982,65.86899,20200804_220247
FC14581805,158.7097,65.86768,20200804_220258
384E01425C,158.717969,65.874101,20200804_220343
44D747ED33,158.697379,65.874113,20200804_220459
A527BC4548,158.701383,65.875643,20200804_220516
A18AE323F7,158.706771,65.875151,20200804_220533
0D0EA6BD28,158.708073,65.866862,20200804_220535
9505ACADA5,158.696045,65.869539,20200804_220538
30788649D0,158.708496,65.868738,20200804_220546
658DD2C6A6,158.708089,65.863851,20200804_220559
0D19B9F4E9,158.708333,65.869015,20200804_220753
36D561D09E,158.709277,65.867167,20200804_220801
7AD6429EB3,158.709831,65.86733,20200804_220810
684E7BE2BA,158.705436,65.874386,20200804_220841
6EFFE67198,158.697542,65.875081,20200804_220845
6560D1A805,158.701335,65.874735,20200804_220846
298E751320,158.72054,65.879895,20200804_220913
FEC1D94492,158.718099,65.873275,20200804_220918
DB175188B0,158.720361,65.879899,20200804_220920
A2FB1B94F9,158.722624,65.882219,20200804_221011
EABE4D3578,158.697103,65.869926,20200804_221016
36D561D09E,158.709277,65.867167,20200804_221057
5472CFAB59,158.71027,65.863591,20200804_221110
46D4DCA627,158.69751,65.874471,20200804_221115
B898854357,158.707585,65.868551,20200804_221117
8279CD2AB8,158.717611,65.875216,20200804_221159
016E65515E,158.708757,65.868188,20200804_221215
6F784523C0,158.701416,65.876208,20200804_221225
F52D3FCF2C,158.693164,65.871265,20200804_221240
3A50DE2627,158.692838,65.870019,20200804_221248
36D561D09E,158.709277,65.867167,20200804_221346
02383DF0CA,158.716732,65.879586,20200804_221356
A486AED867,158.694499,65.874276,20200804_221456
93D20BEA67,158.710661,65.868482,20200804_221529
3B2B936686,158.697542,65.86921,20200804_221535
61FDECAA85,158.707747,65.862948,20200804_221540
8F08969A54,158.704427,65.871985,20200804_221614
36D561D09E,158.709277,65.867167,20200804_221638
14D2097903,158.693587,65.868933,20200804_221644
A239E16F7C,158.710758,65.868652,20200804_221709
77C9746FA4,158.69681,65.869039,20200804_221716
A45EC205B3,158.716781,65.874548,20200804_221753
5DB1AFF0D5,158.70599,65.876188,20200804_221801
484955E507,158.696468,65.869483,20200804_221821
36D561D09E,158.709277,65.867167,20200804_221939
7E7FC2FD85,158.701058,65.872258,20200804_222009
65AAC61338,158.702962,65.876839,20200804_222029
E8B9D5986D,158.706917,65.870138,20200804_222046
F947533AC0,158.707861,65.86639,20200804_222049
4C65AB7F22,158.692627,65.871509,20200804_222106
41D4792A20,158.699919,65.868079,20200804_222202
36D561D09E,158.709277,65.867167,20200804_222240
667A48D387,158.719141,65.878971,20200804_222256
3BBEEA97A4,158.697298,65.8691,20200804_222312
0A58BD6198,158.705876,65.875313,20200804_222318
BA72595000,158.695898,65.870028,20200804_222354
8EE1703B0C,158.69318,65.870719,20200804_222400
D849FFAED0,158.70612,65.875501,20200804_222537
36D561D09E,158.709277,65.867167,20200804_222546
5CD4D6E4AE,158.718457,65.874837,20200804_222610
867E115134,158.708089,65.87568,20200804_222631
48BE49B1CE,158.6972,65.869775,20200804_222751
16CCCCC471,158.718278,65.87408,20200804_222808
36D561D09E,158.709277,65.867167,20200804_222841
1986B766A7,158.711686,65.869841,20200804_222842
03F3B0400E,158.70568,65.874422,20200804_222910
C5F8EF56BE,158.718701,65.87915,20200804_223002
ACC5476BED,158.705127,65.876229,20200804_223026
144E51A87A,158.692838,65.869397,20200804_223113
36D561D09E,158.709277,65.867167,20200804_223128
FAF8E4CC54,158.691439,65.871094,20200804_223131
C3045BAFF6,158.712142,65.8679,20200804_223148
28257AFE0B,158.710221,65.867969,20200804_223153
D1DDB971A7,158.693327,65.872034,20200804_223155
A868CD1B5E,158.706885,65.877136,20200804_223220
B536A3F70F,158.706673,65.876135,20200804_223235
F836331CD6,158.707845,65.867179,20200804_223236
344FFCD1D9,158.708643,65.868884,20200804_223256
B27224E2B9,158.718424,65.876017,20200804_223303
8A94A0FA14,158.708757,65.867306,20200804_223322
36D561D09E,158.709277,65.867167,20200804_223418
FD41C9BEA4,158.718148,65.875061,20200804_223427
2E6222427D,158.724821,65.886116,20200804_223450
58E1450290,158.707536,65.875733,20200804_223536
7CD2B0D9C6,158.707455,65.86831,20200804_223556
36D561D09E,158.709277,65.867167,20200804_223709
0AB70B6E52,158.708138,65.876278,20200804_223714
4C51AA46AF,158.709521,65.868518,20200804_223723
111D716A6A,158.695703,65.874976,20200804_223853
2124871138,158.711865,65.870219,20200804_223906
BF490D0676,158.712809,65.869694,20200804_223908
72CFA8C82D,158.695215,65.874414,20200804_223921
AC077033F9,158.718213,65.87957,20200804_224001
36D561D09E,158.709277,65.867167,20200804_224003
789B1DE702,158.697217,65.874491,20200804_224035
CCC7B28A3E,158.718018,65.875061,20200804_224134
0D7C240A3A,158.699919,65.867729,20200804_224208
5470BF5D91,158.719141,65.879167,20200804_224211
3493B56166,158.722477,65.881909,20200804_224222
36D561D09E,158.709277,65.867167,20200804_224248
7F48C5EB28,158.707113,65.866976,20200804_224257
B4844B08C7,158.705827,65.875163,20200804_224302
E22E6FA9DA,158.696175,65.875676,20200804_224306
D9C985591D,158.704004,65.874337,20200804_224400
8DAE86D2AC,158.711768,65.868286,20200804_224411
0B79466C00,158.706543,65.868416,20200804_224508
5BB1524A88,158.694743,65.872518,20200804_224517
4F67DF6DA9,158.70874,65.864059,20200804_224519
36D561D09E,158.709277,65.867167,20200804_224539
2A4292D5CC,158.707698,65.863888,20200804_224616
D5922D4DDB,158.699349,65.873417,20200804_224625
9C59F673A7,158.717594,65.875134,20200804_224641
103FDAFB03,158.711165,65.868945,20200804_224647
4BDB704A4E,158.709733,65.868074,20200804_224722
36D561D09E,158.709277,65.867167,20200804_224827
50CBC1A887,158.718294,65.875895,20200804_224832
0B81E9886B,158.70874,65.866785,20200804_224837
38739FCB7C,158.717773,65.874841,20200804_224840
280BC5361A,158.69611,65.869596,20200804_224855
18A6A15ACF,158.697575,65.870402,20200804_224900
2D181C1E14,158.718587,65.875049,20200804_224917
D6D04FD8BF,158.71141,65.868046,20200804_225001
4563675FAE,158.719645,65.879285,20200804_225005
492A160D29,158.719466,65.878007,20200804_225121
BE62758E1F,158.718359,65.874373,20200804_225124
36D561D09E,158.709277,65.867167,20200804_225132
ED98D3A049,158.719401,65.878617,20200804_225138
4358E374DB,158.70918,65.867594,20200804_225158
E0DFCF4299,158.71652,65.874695,20200804_225318
054EB43391,158.701839,65.874223,20200804_225335
44B6C4280B,158.711637,65.869568,20200804_225347
173B351AB4,158.702718,65.873942,20200804_225347
B5D2C46445,158.709326,65.867712,20200804_225401
36D561D09E,158.709277,65.867167,20200804_225412
8190CF7826,158.717969,65.876078,20200804_225421
6EA42F106E,158.706282,65.876038,20200804_225557
36D561D09E,158.709277,65.867167,20200804_225641
C85718AAA6,158.706429,65.875399,20200804_225642
07F5A5443A,158.703581,65.87043,20200804_225703
4EB1DA60E4,158.702311,65.876086,20200804_225733
FF85A9010D,158.72474,65.88477,20200804_225803
1EB6D265CA,158.709098,65.863485,20200804_225821
CACADB3DD1,158.6979,65.870105,20200804_225835
B1133774BD,158.706575,65.87734,20200804_225910
B60A33A78F,158.694401,65.869702,20200804_225913
9B2BFB76B0,158.697168,65.870545,20200804_225927
5627307A68,158.697575,65.869015,20200804_225945
36D561D09E,158.709277,65.867167,20200804_225953
C60A967613,158.693246,65.870373,20200804_225959
6E41A797DF,158.69445,65.873482,20200804_225959
32DD9FD4BA,158.706169,65.876033,20200804_230006
49B59E7D83,158.692204,65.870341,20200804_230030
0545E33D87,158.700179,65.87415,20200804_230040
067E5E8528,158.71945,65.87443,20200804_230111
DBD2DFBE7C,158.694564,65.874117,20200804_230232
12926CD1AC,158.704704,65.872058,20200804_230239
7DEF462210,158.711377,65.870085,20200804_230249
36D561D09E,158.709277,65.867167,20200804_230257
491DB417AF,158.708073,65.867879,20200804_230337
B17C598C2F,158.694499,65.868986,20200804_230344
753BFBC848,158.711182,65.869299,20200804_230413
EF534B87C8,158.707536,65.867558,20200804_230415
8D83ACFEF7,158.698096,65.870585,20200804_230520
36D561D09E,158.709277,65.867167,20200804_230528
C629040AC2,158.70708,65.877633,20200804_230539
AEE50DCDD4,158.711751,65.869649,20200804_230646
91A251188B,158.712419,65.869751,20200804_230733
E9ADBB400C,158.718506,65.878841,20200804_230747
A9AAAF6A2D,158.703206,65.877031,20200804_230802
EF48432914,158.707357,65.867167,20200804_230832
36D561D09E,158.709277,65.867167,20200804_230844
41987C99DC,158.723942,65.882629,20200804_230855
65A3A63F7C,158.692155,65.869767,20200804_230916
F30998A0C7,158.700944,65.875199,20200804_230938
E09A56D9C9,158.696794,65.876176,20200804_230948
F131A93D0A,158.692415,65.871558,20200804_231000
E10706435D,158.706738,65.876359,20200804_231040
E9E7431363,158.708643,65.866724,20200804_231141
36D561D09E,158.709277,65.867167,20200804_231211
DED5E39563,158.708268,65.863115,20200804_231213
8BD4B99703,158.694124,65.869006,20200804_231223
86737B7976,158.718311,65.880534,20200804_231312
D8A10AC26D,158.70765,65.869206,20200804_231314
F6767BE3DD,158.709082,65.867598,20200804_231335
1C1145C9C5,158.720899,65.879163,20200804_231336
1DA62B0079,158.69611,65.871375,20200804_231340
BEC527C24C,158.718229,65.878796,20200804_231423
36D561D09E,158.709277,65.867167,20200804_231452
2FDC8A3952,158.707406,65.863013,20200804_231529
C2AE309E65,158.709489,65.862988,20200804_231645
36D561D09E,158.709277,65.867167,20200804_231731
896C62D071,158.708073,65.869002,20200804_231737
6648D4088C,158.695963,65.875521,20200804_231811
0CD1CD4B64,158.696761,65.877718,20200804_231812
1CE3B37171,158.707373,65.876843,20200804_231820
89D98C66EE,158.701221,65.867472,20200804_231830
426EBCA8C1,158.709945,65.863525,20200804_231831
E3F03340DF,158.707357,65.866524,20200804_231847
89F3C5A5F9,158.710189,65.863574,20200804_231915
028010B325,158.695898,65.87168,20200804_231953
75C7B455CB,158.720784,65.880314,20200804_231954
36D561D09E,158.709277,65.867167,20200804_232005
A32DE3B587,158.712679,65.870288,20200804_232012
2762075256,158.71958,65.879211,20200804_232030
A5B3EE206D,158.697005,65.875529,20200804_232049
1B6B599E25,158.718766,65.880025,20200804_232053
B8BBB55E42,158.694124,65.872522,20200804_232114
36D561D09E,158.709277,65.867167,20200804_232240
1BE67C18C9,158.707243,65.875903,20200804_232251
638FAED05E,158.717692,65.879159,20200804_232253
96D3F4FA15,158.706852,65.877999,20200804_232256
AAF718AAD8,158.71097,65.868709,20200804_232317
B004CB7CDB,158.702181,65.872807,20200804_232328
69AD8B2EFC,158.702393,65.873055,20200804_232340
9850C308C6,158.706836,65.876965,20200804_232406
01D12F00F2,158.696663,65.870252,20200804_232416
714F90E05D,158.718831,65.878068,20200804_232443
DFD83A4D5E,158.719027,65.876025,20200804_232506
7E5C0D3FE1,158.709391,65.867969,20200804_232517
36D561D09E,158.709277,65.867167,20200804_232519
7864C2D8D5,158.707634,65.863538,20200804_232557
8DE0E27331,158.694629,65.872742,20200804_232605
B0823D88FA,158.696729,65.870064,20200804_232607
6CB692EE81,158.706917,65.870138,20200804_232658
36D561D09E,158.709277,65.867167,20200804_232734
194A593B9C,158.720638,65.879382,20200804_232757
9848769553,158.694108,65.86921,20200804_232853
D5577E4CD0,158.70651,65.874121,20200804_232930
F3718E8F31,158.70332,65.874825,20200804_232947
36D561D09E,158.709245,65.867216,20200804_232954
B0C5D46402,158.711654,65.867802,20200804_233001
C4C65C1D85,158.719238,65.876575,20200804_233027
25B9C6CCA4,158.705338,65.864949,20200804_233041
9AC8C9DEFF,158.706673,65.866903,20200804_233042
F9309E34D3,158.696696,65.870011,20200804_233129
36D561D09E,158.709391,65.867135,20200804_233214
F825580637,158.718783,65.875423,20200804_233241
F78ED89CCF,158.702002,65.872742,20200804_233307
16D9353696,158.697298,65.871712,20200804_233354
14EF806B7E,158.707373,65.875761,20200804_233422
29C35B1F4B,158.720752,65.87915,20200804_233500
36D561D09E,158.709489,65.867196,20200804_233501
8AF9EFCC7D,158.712093,65.869413,20200804_233516
A844E6103C,158.713623,65.872164,20200804_233517
2C1EDEDACA,158.705371,65.864901,20200804_233548
23D069C7A3,158.709375,65.863676,20200804_233631
1C6463A45D,158.709163,65.869682,20200804_233632
7544BA45B5,158.6972,65.875659,20200804_233641
7842CE10B5,158.697266,65.875065,20200804_233712
36D561D09E,158.709245,65.867179,20200804_233732
36D561D09E,158.709245,65.867179,20200804_233737
9A258A3200,158.719857,65.880164,20200804_233741
889D775ACC,158.69541,65.874756,20200804_233804
590885FFED,158.70835,65.867253,20200804_233827
A470CD9BA4,158.706575,65.876326,20200804_233845
C7D587376A,158.72181,65.881356,20200804_233848
FD896E5F0C,158.705338,65.876217,20200804_234007
36D561D09E,158.709245,65.867179,20200804_234020
08B40E9C2A,158.703337,65.873991,20200804_234026
771E520DFC,158.7118,65.870011,20200804_234112
36D561D09E,158.709245,65.867179,20200804_234239
69E12608A7,158.694531,65.872969,20200804_234241
850A51C41D,158.708935,65.862997,20200804_234336
7BC92557BF,158.70612,65.875797,20200804_234337
0CFEEA8434,158.705127,65.871765,20200804_234411
36D561D09E,158.709245,65.867179,20200804_234503
791F675DCE,158.707308,65.866809,20200804_234518
AB3F2E9898,158.707308,65.875846,20200804_234520
CE0F2A031E,158.724675,65.88457,20200804_234534
4A6DF687E7,158.724398,65.88418,20200804_234631
EC375C46AE,158.709912,65.8637,20200804_234632
3027464C80,158.708008,65.867472,20200804_234643
D76A4C44C4,158.718441,65.873617,20200804_234654
36D561D09E,158.709245,65.867179,20200804_234721
75D00A882C,158.707927,65.863354,20200804_234800
3E3FF6E1AF,158.705501,65.876542,20200804_234807
7F5B36AD33,158.711572,65.868176,20200804_234846
36D561D09E,158.709245,65.867179,20200804_234926
45496D3B36,158.718115,65.8783,20200804_234938
33492B2F94,158.693018,65.870886,20200804_235030
51A00423A8,158.719792,65.880412,20200804_235101
99E043C649,158.693441,65.870044,20200804_235125
AFD337B492,158.711865,65.869906,20200804_235129
36D561D09E,158.709245,65.867179,20200804_235136
C10BA2D2BC,158.69292,65.869348,20200804_235205
4FE9DA827F,158.695687,65.869889,20200804_235205
3265535978,158.712109,65.86814,20200804_235242
96CF37865F,158.719352,65.875728,20200804_235335
26151D63D3,158.692985,65.869804,20200804_235339
36D561D09E,158.709245,65.867179,20200804_235342
515B12FD46,158.704753,65.87502,20200804_235349
49A1FE3E01,158.695492,65.869312,20200804_235353
B8BC173D08,158.694694,65.872318,20200804_235424
5DB7C70C02,158.720036,65.880436,20200804_235445
3787986541,158.70848,65.867867,20200804_235448
6A84851CCF,158.696582,65.877494,20200804_235523
B4F7ACA042,158.694141,65.872091,20200804_235546
36D561D09E,158.709245,65.867179,20200804_235551
AFF988EAF1,158.697656,65.87098,20200804_235600
5445691862,158.708675,65.863407,20200804_235651
5CA8CC377F,158.707259,65.876566,20200804_235718
F59D989BA3,158.717253,65.872909,20200804_235721
E7A4B795EB,158.696126,65.871639,20200804_235735
3FAF4D3D18,158.722087,65.884843,20200804_235748
36D561D09E,158.709245,65.867179,20200804_235758
67073B0B23,158.702295,65.87249,20200804_235844
8F1A82D350,158.706201,65.876432,20200804_235921
EA80A54874,158.708757,65.867594,20200804_235956
